色々,7518579
様々,6776385
人々,6682157
日々,6530329
方々,5639906
綺麗,5206116
我々,4017515
久々,2713963
時々,2432949
少々,2278664
醤油,2013572
次々,1926325
味噌,1920907
倶楽部,1914655
勿論,1757148
蕎麦,1683951
数々,1671419
元々,1627405
贅沢,1564974
喧嘩,1242804
餃子,1226115
堂々,1038265
個々,1026349
早々,1015162
続々,913286
云々,907687
厨房,901832
甲斐,883048
薔薇,875401
伊達,860805
八幡,859127
石鹸,744809
梱包,741407
誹謗,735495
鍼灸,721346
多々,715651
味噌汁,707453
中々,701432
木々,664248
散々,660027
此処,654749
秘訣,652812
同梱,645032
麻痺,642440
珈琲,634857
只今,633171
捏造,632031
山々,629966
麻雀,609875
急遽,609398
海苔,600820
口蹄,592403
獅子,581530
口蹄疫,568114
折々,566973
口腔,547957
各々,544814
復讐,541512
刺繍,535605
年々,530765
菩薩,530079
巫女,510486
天狗,506586
別々,492610
神々,492533
牡蠣,491599
広々,489410
生姜,489306
淡々,464892
割烹,457931
段々,447240
肛門,445123
惣菜,432541
茶碗,430792
稜線,427290
茄子,426696
界隈,421438
無垢,420821
芭蕉,418060
躊躇,414636
益々,411674
喘息,402016
可憐,398748
青龍,395178
驚愕,394944
饅頭,394481
前々,392897
排泄,386019
瑞穂,374015
種々,370350
神輿,368014
平坦,366877
面々,364484
近々,364462
嗜好,361775
瞑想,361265
国々,359687
代々,355191
牽引,355069
蛋白,349676
大晦日,349261
些細,347982
度々,347731
安堵,346009
醍醐味,344232
炸裂,339956
蜘蛛,336804
洒落,335852
林檎,335314
柚子,334903
常磐,330943
溜息,330894
葡萄,328991
所々,325017
牡丹,324564
竣工,322697
終焉,317481
漏洩,317352
卑怯,312223
長々,311731
銚子,310772
骨董,310137
莫大,304845
嘔吐,304010
所謂,296332
剪定,295005
分娩,294123
祈祷,291734
車輌,291391
対峙,287216
衣裳,286935
後々,286743
膀胱,284590
蕎麦屋,284448
楽々,282132
囃子,281904
椎茸,279898
胡麻,278161
廃墟,276784
銀杏,275703
啓蒙,266837
猪木,266168
混沌,265811
執拗,264016
屏風,262048
諸々,259761
着々,259233
隼人,258629
吾妻,257983
先々,257226
迂回,256580
嗚呼,255810
痴呆,253646
橋梁,250948
脆弱,250469
胡椒,250252
花々,248288
冤罪,246947
佃煮,244328
濾過,241507
徘徊,239587
傭兵,236718
阿呆,236519
琥珀,236219
楕円,235138
焙煎,234172
愛嬌,233610
勿体,233206
明智,232344
蔓延,230446
絨毯,229324
彗星,229255
蝦夷,228532
夜叉,227350
彷彿,226094
菖蒲,225776
満々,225522
蘇生,224924
翡翠,224304
編纂,221874
痙攣,221528
黄昏,220295
贔屓,215691
山椒,214549
彷徨,214245
幼馴染,214160
新撰,212966
唖然,212270
瑕疵,211560
湿疹,211379
祭祀,210887
厩舎,210403
斡旋,208706
島々,207651
凱旋,207493
信憑,207491
珊瑚,205113
範疇,204095
愕然,204069
信憑性,202701
怒涛,202244
城址,201578
牽制,198866
渾身,196389
淘汰,195387
呆然,192172
大々的,190577
同棲,189951
蛋白質,189193
清楚,188304
其処,188080
此方,188070
飛翔,187699
螺旋,187329
一揆,187130
微塵,185844
龍神,185630
閃光,185081
月々,184049
細々,183660
松茸,181545
乖離,180957
白樺,180623
抜擢,180270
揶揄,179396
羊羹,179235
末裔,179139
杜氏,178081
大袈裟,177985
牝馬,177675
孵化,177637
殺戮,176746
獅子舞,176746
舞妓,176222
蓮華,176173
伝播,175943
隅々,175942
桔梗,175200
雛人形,175022
上々,173359
殲滅,172343
共々,170581
玉葱,170462
只中,170073
天秤,169964
甲冑,169559
麒麟,169232
延々,169175
鳳凰,168636
煉瓦,168351
黎明,168291
顆粒,167891
悠々,167513
投函,167462
輪廻,166467
常々,165400
皐月,164877
瀕死,164007
辰巳,163636
大腿,163195
柴犬,162389
埠頭,160843
筐体,160746
朱雀,159484
手帖,158741
叢書,157301
位牌,157199
熱々,156403
喧騒,156329
伊吹,155678
疼痛,155044
片栗粉,154822
智恵,153558
暖簾,153415
鰹節,152991
邁進,152258
晩餐,151781
深々,150846
顛末,150137
御苑,150113
金箔,149796
燻製,149775
胡蝶,149166
研鑽,148160
智慧,148124
発疹,147704
朝霞,147643
爬虫類,147289
琵琶,146790
隕石,144555
涅槃,144506
牡馬,144080
招聘,143842
凌駕,143711
貫禄,142822
砥石,142803
華奢,141429
諜報,140942
灼熱,140281
狭窄,140189
梯子,139678
真鍮,139667
丸々,138195
標榜,138133
蓬莱,137717
末梢,137674
水俣病,137425
俯瞰,137002
柑橘,136731
欺瞞,135945
播種,135804
草薙,135047
屁理屈,135026
石膏,133537
鞍馬,133047
狛犬,132729
歪曲,132475
雲雀,132328
漆喰,132224
颯爽,131949
娼婦,131947
椰子,131910
醍醐,131842
品々,131302
脆弱性,130553
軟膏,130508
堰堤,130489
流暢,130387
咄嗟,130296
懺悔,130217
動悸,130058
真鯛,129600
絢爛,128721
一々,128616
転々,128539
詭弁,128031
合祀,127122
伽藍,126910
鼻腔,126864
杏仁,126386
浣腸,125336
圃場,124691
刻々,124533
大洲,124145
拮抗,123883
箪笥,123672
芳醇,123585
家々,123245
蒲鉾,122451
強靭,122050
不憫,121879
太閤,121545
挽回,121309
罹患,120753
恫喝,120068
蝶々,120018
蝋燭,119964
攘夷,119496
中洲,119145
腹腔,118450
茶々,117672
蒔絵,117544
棟梁,117456
肋骨,117153
蜜柑,116610
庄屋,116461
烏龍茶,115951
怪訝,115316
円錐,115231
憑依,115226
乳癌,114826
乃至,114803
青々,114389
烏賊,114306
傀儡,112647
往々,112550
倦怠,112526
向日葵,112454
田圃,112346
飛沫,112044
個々人,111912
僻地,111176
恰好,111033
哨戒,111012
熾烈,110765
釉薬,110760
花崗岩,110696
叱咤,110641
轟音,110625
花菖蒲,110340
醗酵,110249
撥水,109959
今迄,109760
嚥下,109193
攪拌,108929
曼荼羅,108843
蒼天,108449
仔犬,108044
俄然,107966
無垢材,107724
坐禅,107676
咆哮,107398
卑猥,107333
吾輩,106825
蹂躙,106714
捺印,106404
仏陀,105746
億劫,104937
稀少,104857
人狼,104723
胡瓜,104722
半々,104697
瓦礫,104243
飢饉,104227
熨斗,104080
辟易,104004
賽銭,103988
謳歌,103870
紫苑,103761
翌々日,103478
琢磨,103222
短篇,103006
孔雀,102983
悶々,102527
膵臓,102342
生贄,102125
隧道,101955
弛緩,101764
杏子,101665
炬燵,101463
明媚,101381
頚椎,101349
咬合,101213
坐骨,101210
華僑,100574
睡蓮,100397
酒粕,99460
悶絶,99266
咀嚼,99259
推敲,99190
坦々,99164
倭人,98991
堅牢,98800
呑気,98730
炒飯,98581
毅然,98437
奇蹟,97808
口々,97683
檀家,97663
聡明,97446
骨粗鬆症,97120
庇護,96472
化膿,96204
綜合,96111
朦朧,96071
靭帯,96022
鵜飼,95983
骨董品,95890
頸部,95366
楕円形,95308
未曾有,95252
紫蘇,94847
改竄,94260
姑息,94059
風靡,93489
深淵,93415
怒濤,93407
蓮根,93386
灯篭,93181
嬉々,93098
上洛,93038
荻原,92965
芸妓,92747
芙蓉,92733
胡蝶蘭,92657
仔猫,92618
赤裸々,92590
珪藻土,92373
二胡,92080
蜃気楼,92006
恍惚,91868
緋色,91799
南瓜,91411
豹変,91283
猪口,90708
亢進,90649
天麩羅,90615
点々,90477
長襦袢,90431
冒涜,90281
脳味噌,90043
鐵道,89980
高嶺,89961
菩提,89584
御嶽,88835
栗林,88832
叡智,88823
斑鳩,88674
胡桃,88634
渋々,88275
吃驚,88273
明晰,88137
薩長,88038
肺癌,87996
庚申,87970
迂闊,87841
埴輪,87814
鞍部,87692
眼瞼,87291
紅蓮,86947
蒲焼,86658
噂話,85312
聯合,85183
弘法,84970
牢獄,84845
倦怠感,84305
青函,84141
外苑,84080
雛形,83992
粉々,83344
什器,83203
凋落,82949
稀有,82453
重々,81973
扁平,81881
肛門科,81528
糞尿,81469
狡猾,81383
西瓜,81076
前々回,80934
一瞥,80931
狼狽,80638
袈裟,80573
倭国,79991
溜池,79892
手摺,79674
御輿,79316
片鱗,79211
烏帽子,79166
膀胱炎,78983
水芭蕉,78875
澱粉,78532
眩暈,78532
几帳面,78342
吊橋,78035
団欒,77981
灌漑,77710
被曝,77667
胚芽,77230
手榴弾,77043
蒐集,76153
任侠,76136
杞憂,75837
坐像,75153
歯垢,75114
衣笠,75086
胃癌,75080
先鋒,74891
蓮池,74865
麻疹,74847
黒鯛,74845
前哨,74720
黒麹,74333
猥褻,74108
熱燗,73707
曳山,73697
闊歩,73480
常套,73367
朱鷺,73256
挽肉,72892
邂逅,72653
天竺,72441
棲息,72425
頚部,72419
八卦,72348
柑橘系,72111
高々,71983
山笠,71812
大嘘,71746
髑髏,71718
蒟蒻,71442
罫線,71416
駄洒落,71307
粉塵,71240
絆創膏,71054
上智,70616
撹拌,70574
黎明期,70239
納竿,70228
膠着,70169
蜻蛉,70049
我侭,69909
錯綜,69882
操舵,69866
相槌,69835
何々,69715
爛漫,69511
躯体,69273
竪穴,69258
敬虔,69248
相姦,68938
饒舌,68928
讃歌,68884
笹原,68819
鍼灸師,68728
膠原,68665
山葵,68651
太腿,68640
胆嚢,68366
村々,68235
震撼,68033
接吻,68027
嗚咽,67770
帝國,67769
排泄物,67481
按摩,67448
鷹野,67142
柑橘類,67119
蝙蝠,66931
撫子,66855
棺桶,66828
血漿,66714
紺碧,66676
珊瑚礁,66417
直々,66396
反芻,66346
雀荘,66222
駄々,66210
逼迫,66106
花魁,65971
燈籠,65926
南無阿弥陀仏,65771
前哨戦,65761
豊穣,65667
外套,65633
程々,65611
烙印,65553
白鷺,65527
白洲,65349
芍薬,65337
水銀燈,65333
御馳走,65251
白鳳,65183
茉莉,65165
馬鈴薯,65150
飄々,65055
噺家,65029
郁子,64953
枇杷,64919
苦悶,64846
再々,64829
昏睡,64816
白龍,64791
島嶼,64739
並々,64715
半纏,64661
鴨居,64489
膠原病,64482
更紗,64415
襦袢,64230
大腿骨,64190
昔々,63762
萌芽,63755
藝術,63501
贖罪,63465
瓢箪,63379
得々,63252
下手糞,63048
腱鞘炎,63048
牛蒡,62905
自然薯,62889
辻堂,62885
空挺,62835
鬱蒼,62723
芦原,62669
牢屋,62611
天誅,62583
睫毛,62297
防錆,62217
教鞭,62196
敏捷,62188
厨子,62015
饗宴,61922
卑怯者,61671
縮緬,61544
梁山泊,61474
舞茸,60905
花笠,60722
蕁麻疹,60702
佛教,60410
黒龍,60110
灼眼,60008
辻褄,59992
橙色,59888
蒼白,59817
乾癬,59763
呪詛,59666
寵愛,59585
嚢胞,59487
膣内,59476
吃音,59410
米麹,59353
跋扈,59316
矜持,59196
急峻,59094
夕凪,59068
曝露,59005
軋轢,58930
逡巡,58913
幇助,58903
親爺,58865
抗癌剤,58848
静謐,58771
塩竈,58652
駕籠,58595
詩篇,58559
飛龍,58425
精悍,58411
副鼻腔,58373
鈴蘭,58358
矩形,58351
薄々,58272
耽美,58207
水飴,58117
跨線橋,58043
金木犀,57977
登攀,57824
猛禽,57609
縞模様,57542
茫然,57506
繁昌,57496
罵詈,57482
寓話,57412
嗜好品,57194
抒情,56987
黙祷,56777
動脈瘤,56694
放蕩,56624
撹乱,56601
穿孔,56552
錦鯉,56530
梵字,56436
喧伝,56212
呆気,56126
誤謬,56120
僭越,55974
冬瓜,55850
一閃,55811
白味噌,55786
静脈瘤,55783
収斂,55740
酋長,55711
涵養,55709
褥瘡,55482
公卿,55432
星々,55410
龍騎,55295
柘植,55288
出來,55187
扁桃,55025
扁桃腺,54864
黄疸,54852
弥陀,54775
逆鱗,54648
龍王,54536
晩餐会,54369
銅鐸,54244
大腸癌,54238
趨勢,54181
鞍上,54173
梵天,54150
檸檬,53883
莫迦,53697
鞭撻,53635
墓苑,53561
我儘,53346
宦官,53129
蝦夷地,53109
桐箱,53108
目眩,53097
挽歌,52958
合鴨,52679
凌辱,52606
慟哭,52557
思惟,52548
茗荷,52520
豆板醤,52464
稀代,52432
伽羅,52405
篆刻,52234
琥珀色,52224
閾値,51865
矮小,51705
困憊,51590
沐浴,51563
内々,51561
垂涎,51458
蘭学,51449
顰蹙,51357
酩酊,51210
菩提樹,50864
瓦斯,50739
皆々様,50724
沢庵,50596
激昂,50525
穿刺,50483
創痍,50362
黒々,50298
脱糞,50296
嫌々,50272
伍長,50228
逍遥,50066
補綴,50002
白癬,49843
北辰,49632
草鞋,49595
体躯,49571
酒肴,49431
三叉路,49347
障碍,49341
味醂,49283
流鏑馬,49283
山鉾,49212
交叉,48883
薀蓄,48790
靱帯,48728
空蝉,48682
鈑金,48667
長篇,48665
蒼穹,48406
寅年,48044
喧噪,47855
煽動,47845
齟齬,47765
臀部,47716
癌細胞,47688
泡沫,47628
防空壕,47571
旭日,47478
湯呑,47422
担々麺,47421
蛆虫,47384
痔疾,47353
端々,47244
草庵,47198
防塵,46947
双眸,46941
鉄槌,46941
釣竿,46885
精々,46829
薙刀,46620
卯月,46597
大島紬,46477
宿禰,46364
枢機卿,46317
逢瀬,46117
半衿,46101
楊枝,45958
浚渫,45696
饂飩,45512
阿弥,45468
剃刀,45378
潮汐,45345
暗渠,45307
出鱈目,45275
眷属,45179
大祓,45156
投擲,45140
遅々,45121
分水嶺,45104
上梓,45098
屠殺,45049
拿捕,44965
蟹工船,44937
焚火,44771
茅葺,44682
庖丁,44547
文藝,44386
頸椎,44364
杓子,44262
蜥蜴,44239
曼珠沙華,44199
梵鐘,44014
甘栗,44003
洛中,43974
杜撰,43821
白兎,43710
揮毫,43694
蒲団,43622
獰猛,43470
白檀,43332
柴山,43325
針灸,43322
滝壺,43258
大喧嘩,43251
黒檀,43088
疏水,43065
発癌,42826
燦然,42770
瀟洒,42703
奇譚,42674
白蓮,42670
憮然,42653
叛乱,42575
娑婆,42464
残滓,42405
甲斐性,42403
種蒔,42403
工廠,42283
摺動,42194
痔核,42188
星屑,42185
特撰,42181
輻射,42085
狼煙,42037
脾臓,41946
石楠花,41935
燗酒,41872
壬申,41864
磯辺,41834
車輛,41623
朋友,41592
阿弥陀堂,41510
謗法,41458
八朔,41351
猊下,41240
複々線,41232
柏餅,41227
棍棒,41207
闊達,41142
文禄,40995
洛西,40925
法帖,40923
豊饒,40868
横槍,40763
飛燕,40755
暢気,40749
痴呆症,40637
苛々,40622
風疹,40483
真贋,40448
燭台,40442
小柴,40439
曾孫,40394
優駿,40240
逗留,40165
残渣,40026
柄杓,40005
強靱,39992
浅葱,39959
清冽,39919
攪乱,39910
惹起,39847
白無垢,39762
綺羅,39719
曳航,39692
石鯛,39663
獅子座,39654
演繹,39552
偶々,39344
嗜好性,39280
象嵌,39256
杜仲,39244
桂花,39024
贅肉,38973
菱形,38971
牡牛,38970
萌黄,38951
煉獄,38936
追々,38913
砂礫,38865
洛北,38844
黄龍,38814
頬杖,38804
不埒,38795
木蓮,38771
麹菌,38678
扮装,38676
水疱,38475
花卉,38435
忌憚,38401
竿先,38398
阿闍梨,38391
茅原,38320
成蹊,38316
光芒,38288
毛蟹,38178
畠中,38110
砂塵,38030
偕楽,38001
桂枝,37976
腫脹,37972
兵站,37930
節々,37853
腫瘤,37785
砒素,37771
三叉,37730
芥子,37711
篠笛,37619
棲家,37609
悲愴,37564
贋作,37535
髣髴,37468
葦原,37466
火焔,37464
金襴,37372
讀賣,37342
阪堺,37339
嬌声,37332
金龍,37319
蘊蓄,37314
潅水,37296
誰々,37238
躑躅,37234
狭隘,37194
胡麻油,37184
北國,37148
辺鄙,37120
蝸牛,37036
托鉢,37029
茜色,36930
葡萄酒,36925
瀑布,36862
膵炎,36823
烏骨,36819
開梱,36637
鼎談,36491
椿油,36475
大學,36423
膿瘍,36339
竪琴,36087
霊柩車,36002
元寇,35986
猜疑,35972
易々,35952
土蜘蛛,35938
聖蹟,35893
春蘭,35890
極々,35799
生麩,35784
洛南,35734
阿吽,35725
大銀杏,35718
修煉,35580
同朋,35535
御伽,35509
綺麗事,35486
篭城,35479
螺鈿,35334
研鑚,35319
吾々,35301
装幀,35264
宋代,35234
未來,35137
軽々,35077
磐石,35055
御簾,35043
反駁,34806
惨憺,34788
小姐,34644
切々,34550
餡子,34529
史蹟,34427
鼻糞,34418
潅木,34409
水蓮,34337
曼陀羅,34319
餓狼,34290
金柑,34273
胡弓,34208
阿片,34178
赤味噌,34126
智弁,34084
猛禽類,34075
牡羊,34063
癇癪,34018
鋸歯,33979
國學,33889
丞相,33720
酢味噌,33648
梱包材,33553
紅鮭,33544
山彦,33535
屹立,33497
蓄膿症,33454
塹壕,33385
永劫,33384
蘇芳,33340
豪奢,33340
砂埃,33277
水垢,33208
龍宮,33160
薔薇色,33149
烏骨鶏,33139
熊笹,33137
伊邪,33122
手毬,33100
御神輿,33076
云云,33042
仔細,33011
蝶番,32929
襖絵,32918
馴染,32908
木瓜,32892
順々,32888
賽銭箱,32859
入厩,32815
栗色,32814
銅鑼,32806
龍虎,32765
青海苔,32690
大凧,32681
恩寵,32606
溌剌,32564
臍帯,32323
生簀,32301
花菱,32092
雨樋,32090
笠木,32067
金槌,32052
仇討,32031
店鋪,32016
眼窩,31883
煌々,31814
糞便,31814
錫杖,31773
國民,31581
蟷螂,31578
悶着,31481
獅子頭,31468
辛味噌,31423
蜜蝋,31381
樹々,31366
足枷,31357
万々歳,31312
暗澹,31265
柘榴,31246
手垢,31220
呵責,31048
五月蠅,31030
下腿,31011
萩焼,30988
骨壷,30960
水疱瘡,30939
直播,30927
燦々,30915
家禽,30876
蒼空,30870
袱紗,30860
夕餉,30833
胸腔,30818
組紐,30803
駱駝,30725
仔牛,30654
珪素,30568
年甲斐,30529
狼藉,30512
啖呵,30438
篝火,30429
屠蘇,30394
大楠,30371
撥水性,30323
短篇集,30300
生牡蠣,30285
蝋梅,30273
溜飲,30258
隠遁,30258
竣工式,30218
小槌,30192
躁鬱,30176
焼夷弾,30144
憔悴,30095
公苑,30084
夭折,30054
灌水,30051
贔屓目,30021
挺身,29993
画鋲,29990
瑪瑙,29984
鷹匠,29967
後裔,29962
誤嚥,29835
道々,29790
寂寥,29781
葵祭,29753
榴弾,29739
岩稜,29716
淋病,29710
按分,29699
聖餐,29692
蒸溜,29690
胡坐,29684
鶏糞,29639
酒呑,29621
飴色,29597
聾学校,29529
縦縞,29515
骨董屋,29498
古稀,29488
倭寇,29478
餞別,29377
霊廟,29364
閏年,29361
湛水,29281
俎上,29263
帷子,29123
瘢痕,29121
廻船,29079
山姥,29067
馬蹄,29067
鴨肉,29046
瑣末,28998
雪庇,28926
瓦葺,28918
炭疽,28897
蕎麦粉,28884
口喧嘩,28871
燈台,28838
鰻屋,28834
馳走,28825
萬葉,28802
滲出,28786
籾殻,28760
窪地,28704
白薔薇,28694
朗々,28678
桶屋,28660
蓮花,28616
瘴気,28420
集塵,28374
尖塔,28363
菩薩像,28332
常套句,28213
罹災,28203
簒奪,28122
下々,28120
旱魃,28110
不躾,28094
稟議,28031
富嶽,27960
蹴鞠,27948
魍魎,27874
割烹着,27869
鬱々,27845
莞爾,27837
竿頭,27820
蟹座,27792
一縷,27783
珪酸,27753
其々,27696
茉莉花,27689
桂馬,27655
庵主,27648
朔日,27636
文學,27593
寒々,27574
地磯,27523
鷹揚,27474
灌木,27432
箏曲,27427
秋鮭,27419
波瀾,27394
牡蛎,27386
猜疑心,27380
角錐,27373
牡羊座,27351
穢多,27335
飴玉,27271
鍍金,27240
姦淫,27176
魚醤,27148
耳朶,27101
禰宜,27082
手斧,27057
酒樽,27031
妖狐,26997
民藝,26986
腋臭,26977
杖立,26970
甘藷,26968
畦道,26948
食道癌,26841
湊町,26776
電燈,26734
耳垢,26729
甘鯛,26717
矮小化,26634
小姑,26622
天秤座,26608
嘉納,26588
箴言,26584
頸動脈,26568
匍匐,26559
管渠,26545
珪藻,26482
春霞,26464
人智,26411
累々,26407
牛糞,26317
侠客,26293
剃髪,26290
嫁姑,26231
嘘八百,26214
紫檀,26211
峰々,26194
俘虜,26174
無碍,26165
土嚢,26153
末廣,26128
螺旋状,26098
猥雑,26004
和讃,25991
魂魄,25975
杜若,25961
只者,25932
只管,25928
隠棲,25911
狼男,25882
錚々,25835
洒脱,25808
段々畑,25737
隆々,25704
蝋人形,25699
婉曲,25668
御蔭,25601
脛骨,25577
扁額,25548
撚糸,25523
蕎麦湯,25458
紙屑,25456
読誦,25345
脳動脈瘤,25325
薬莢,25318
碧眼,25306
僥倖,25284
啓蟄,25254
青蓮,25145
環濠,25103
雀士,25101
白蟻,25046
石榴,25043
芒星,25022
書肆,25019
分祀,25019
麦藁,24953
畢竟,24923
其方,24893
吾人,24887
仔羊,24860
肝癌,24831
学苑,24829
槍玉,24813
丑年,24799
學校,24788
福禄,24785
贅沢品,24778
汐見,24775
吻合,24761
斯様,24748
甘々,24737
陀羅尼,24719
蠍座,24699
城砦,24691
緞帳,24686
武侠,24680
耕耘,24673
杜仲茶,24659
兎馬,24649
此度,24623
荒磯,24597
昂揚,24579
通牒,24547
竿燈,24547
笠懸,24517
脱兎,24512
曳行,24494
寵児,24422
曾祖父,24389
玻璃,24386
紗綾,24266
龍頭,24255
嵌合,24237
苔玉,24237
鎧兜,24155
落伍,24094
茶杓,24070
巷間,24010
毛鉤,23983
松濤,23971
牡鹿,23962
按配,23913
讃美,23885
喧嘩腰,23849
牽牛,23805
坩堝,23800
憐憫,23763
草々,23753
行燈,23746
屍体,23705
臓腑,23685
鯉口,23679
艤装,23588
雲龍,23580
烏合,23563
蟄居,23522
戊辰,23460
馬糞,23405
明礬,23392
山稜,23378
黄檗,23361
竹槍,23345
粟野,23324
疥癬,23169
牡牛座,23160
訣別,23154
内々定,23144
昏倒,23107
町々,23088
水棲,23054
生醤油,23050
善哉,23044
峻別,23019
輻輳,22987
跳梁,22980
罹患率,22875
閘門,22860
月桂樹,22850
蒙昧,22840
大智,22814
神苑,22788
鳥瞰図,22757
白狐,22754
不逞,22748
落雁,22736
國家,22689
袴姿,22661
態々,22619
愈々,22606
灌頂,22579
姦通,22529
米糠,22513
紅生姜,22503
斟酌,22501
仇敵,22485
木桶,22465
煩悶,22434
音叉,22422
馬喰,22412
辛夷,22394
晦日,22380
關係,22365
拮抗薬,22364
遁甲,22363
轟沈,22356
転訛,22341
琺瑯,22318
磐座,22308
燐酸,22305
雁木,22286
鳩尾,22270
磐越,22260
小鯛,22186
蒲公英,22178
操縦桿,22171
神祇,22170
八洲,22163
赤々,22116
竹竿,22112
蠕動,22086
独伊,22062
掠奪,22053
茶筅,21985
滔々,21984
凛々,21938
驀進,21915
不恰好,21905
月桂冠,21899
篆書,21891
鼠径,21846
草莽,21842
八紘,21841
豹柄,21808
舌苔,21801
枡形,21792
東夷,21769
水羊羹,21679
梃子,21676
謀叛,21676
法螺,21657
叢雲,21645
折檻,21604
砥粒,21592
庫裡,21550
徽章,21536
疱瘡,21503
遊廓,21489
咳嗽,21486
唐獅子,21481
辛亥,21473
柏葉,21472
復讐心,21471
神饌,21464
爾来,21430
木屑,21428
元氣,21419
新嘗祭,21400
樽酒,21386
塩鮭,21335
白餡,21334
燈火,21333
胸糞,21281
嚆矢,21256
粒々,21223
菩提心,21194
褒貶,21191
種籾,21167
棕櫚,21148
椿山,21139
八咫烏,21137
蝉時雨,21068
次頁,21002
絨毛,20975
腰紐,20974
祈祷師,20952
栗毛,20947
粕漬,20913
朧月夜,20910
倦怠期,20899
粗忽,20880
洛外,20837
憤懣,20830
腎盂,20830
遁走,20768
諜報員,20749
獺祭,20708
厩務,20702
雛壇,20696
大蒜,20681
営々,20659
化膿性,20628
蟻地獄,20622
鮟鱇,20616
蹄鉄,20609
大鷲,20583
洋々,20431
日蝕,20426
老獪,20417
柾目,20416
恰幅,20409
三絃,20392
腐蝕,20392
敷衍,20387
次鋒,20311
肝細胞癌,20308
膝栗毛,20290
温灸,20271
肋間,20228
伊達巻,20217
燕尾服,20200
厩務員,20200
慧眼,20192
滝壷,20164
猪肉,20113
惣領,20105
竹藪,20016
虹鱒,20015
暗誦,19971
瞽女,19963
胡同,19959
筑前煮,19938
茯苓,19934
手牌,19921
朴訥,19885
當時,19874
藻屑,19861
大濠,19845
臍帯血,19844
柴胡,19828
擾乱,19759
怨嗟,19743
靴紐,19732
霹靂,19731
國語,19727
小綺麗,19726
凱歌,19723
朝靄,19715
喀痰,19706
勅撰,19687
酢醤油,19683
脳溢血,19658
飯盒,19640
爺婆,19621
厭世,19615
聚楽,19601
邯鄲,19591
鍾馗,19582
聯隊,19578
捺染,19570
塵芥,19548
毛氈,19547
伊万里焼,19539
披瀝,19498
豆柴,19474
舳先,19454
薩摩芋,19420
嬰児,19414
木挽,19382
嚢腫,19367
寓意,19315
輻射熱,19307
褪色,19299
捕物帖,19280
分娩室,19271
祭囃子,19250
鍾乳石,19235
黒豹,19208
栗鼠,19207
讒言,19202
挺身隊,19191
鴨鍋,19186
木苺,19175
喜々,19166
埴生,19152
風呂桶,19146
塵埃,19145
玄蕃,19141
防蟻,19065
耽溺,19061
曾祖母,19025
都々逸,19021
産褥,19020
蒸溜所,18994
膣口,18971
蒼龍,18962
義捐,18961
人糞,18934
尾鰭,18923
甜茶,18923
吾亦紅,18893
綸子,18890
銀箔,18887
碧海,18870
無辜,18864
馬謖,18851
屍鬼,18849
急先鋒,18825
大堰,18808
山椒魚,18807
倭王,18795
開闢,18791
甜菜,18789
独鈷,18757
雪蓮,18750
田吾作,18747
胡座,18746
諫言,18722
鼈甲,18699
横縞,18691
超弩級,18685
梵語,18674
木槌,18648
霊苑,18645
戌年,18598
銘々,18581
開智,18568
白燐,18556
蕎麦処,18522
放屁,18494
厭離,18474
荼毘,18468
洋蘭,18439
栴檀,18417
娼館,18414
遥拝,18413
淵源,18408
諡号,18365
渾名,18363
灰燼,18359
猩々,18359
皆々,18353
諧謔,18343
檜皮,18320
仲々,18271
靭性,18264
溪谷,18263
剛毅,18254
銀嶺,18241
和姦,18184
牽引役,18162
胚盤,18136
目糞,18134
竹薮,18130
雪兎,18122
唯々,18095
猿轡,18056
彼方此方,18048
総檜,17995
碍子,17985
油粕,17944
轆轤,17917
哄笑,17908
木犀,17876
手筈,17862
配牌,17855
背鰭,17854
剪断,17851
落伍者,17842
池塘,17829
幇間,17799
強姦魔,17788
膵癌,17767
形而上,17766
羊蹄,17765
遥々,17764
刺戟,17761
愛妾,17749
頽廃,17728
高邁,17723
双龍,17695
矢筈,17611
小笹,17602
闖入,17595
彌生,17592
乖離率,17584
泥濘,17583
撰集,17532
礼讃,17525
腋毛,17518
茶漉,17515
瞠目,17513
下剋上,17508
編輯,17476
駈歩,17472
扁桃炎,17462
先鞭,17430
何處,17426
小咄,17395
悉皆,17369
腺癌,17350
沸々,17348
藁人形,17337
花筏,17336
蝦蟇,17310
胚芽米,17280
桃李,17261
喬木,17258
姨捨,17239
諷刺,17234
黒薔薇,17227
囃子方,17221
勁草,17217
海鼠,17213
相剋,17207
布帛,17195
尖兵,17187
叉焼,17181
大嘗祭,17173
漕艇,17162
手鞠,17139
炭疽菌,17115
前篇,17107
燦燦,17044
臥竜,17040
眞人,17038
強姦罪,16998
剣戟,16984
坐薬,16966
剣呑,16895
繚乱,16888
狐火,16886
皮疹,16869
瀧口,16828
念佛,16816
陥穽,16780
防禦,16762
胚移植,16754
千々,16730
明々,16707
寂寥感,16674
剃毛,16673
大匙,16673
怜悧,16670
汲々,16639
惚気,16635
操舵室,16629
慇懃,16624
忸怩,16618
菖蒲湯,16608
間々,16605
揺籃,16566
茱萸,16565
躁鬱病,16549
喀血,16525
蛹化,16507
雛型,16507
後塵,16505
義侠,16495
楚々,16472
常磐津,16471
螺子,16471
仔魚,16459
麩屋,16457
尊攘,16444
鹵獲,16444
艱難,16441
鴛鴦,16435
手桶,16429
大龍,16420
獅子奮迅,16419
月蝕,16382
粉瘤,16367
仰臥,16363
涅槃図,16351
錐体,16351
弘報,16347
曙光,16346
糞虫,16343
刮目,16336
隘路,16334
気儘,16329
燐光,16321
饗応,16288
綺譚,16284
追儺,16269
剽窃,16262
新蕎麦,16250
奴婢,16245
樟脳,16242
初鰹,16225
瑞雲,16222
国衙,16210
杣人,16198
喘鳴,16165
些末,16156
壺屋,16147
廟所,16108
獅子王,16100
別嬪,16093
驟雨,16077
世々,16075
橈骨,16067
混淆,16065
播但,16050
夾竹桃,16048
帰趨,16026
直截,16022
仔馬,16002
跛行,15991
鳥瞰,15986
貴賎,15980
黄昏時,15972
義捐金,15966
集塵機,15960
御伽噺,15959
嘔気,15950
三角錐,15949
鼻高々,15947
瓜田,15940
汗疹,15922
視姦,15917
障碍者,15916
嗜虐,15911
油壺,15891
海棠,15869
四阿,15868
金鯱,15866
肌襦袢,15838
胚盤胞,15825
若鮎,15813
茶壷,15808
癲癇,15795
阿含,15790
几帳,15774
後篇,15772
厭味,15749
蛭田,15738
牽引車,15726
胚葉,15724
遣隋,15686
朧月,15682
創祀,15645
野蒜,15632
末梢血,15630
徐々,15619
葡萄畑,15616
寒冷紗,15612
石祠,15590
肝臓癌,15586
巷説,15565
石斧,15560
逢魔,15555
比賣,15555
糸瓜,15554
小噺,15553
顆粒球,15545
樋門,15543
又々,15535
侘助,15522
肩紐,15516
脱肛,15502
波濤,15433
土埃,15418
弘通,15407
呑兵衛,15404
掻痒,15394
贋物,15386
笹屋,15377
麝香,15365
桜鯛,15365
模糊,15339
臙脂,15332
兎角,15326
阿羅漢,15307
鵜匠,15298
走狗,15293
中篇,15291
緋桜,15288
槍術,15282
艶々,15273
伊予柑,15257
遣隋使,15248
腋窩,15240
茫洋,15224
沈澱,15213
窮鼠,15210
友誼,15173
途轍,15170
祠堂,15158
鉤爪,15158
木樽,15157
罹病,15139
老爺,15130
甲斐犬,15115
茶托,15114
有耶無耶,15113
荒砥,15111
泥鰌,15110
碩学,15101
帰厩,15099
汁椀,15092
鱗片,15081
兌換,15076
出囃子,15076
茶壺,15063
吾子,15058
膨脹,15029
紡錘,14997
押捺,14992
灌流,14990
金屏風,14972
可撓,14964
馥郁,14950
新生姜,14946
驢馬,14938
壊疽,14936
龍華,14931
侵蝕,14929
帝廟,14923
尖端,14916
懊悩,14910
淋菌,14903
獅子吼,14870
熨斗紙,14839
雛鳥,14839
経綸,14826
帛紗,14819
淫猥,14811
新梢,14808
奥駈,14807
玲瓏,14805
鸚鵡,14789
聾唖,14788
子宮癌,14777
英智,14761
麾下,14733
家鴨,14719
直腸癌,14696
薩軍,14652
篳篥,14627
智者,14617
芭蕉布,14610
轟々,14600
横溢,14588
松柏,14579
白々,14573
血糊,14559
杏林,14543
蜉蝣,14515
神智,14513
蚯蚓,14510
事實,14509
工藝,14506
中華粥,14484
蕎麦店,14478
粕汁,14476
騒擾,14476
濾材,14464
末期癌,14442
鉄屑,14436
結紮,14425
紅麹,14412
烏龍,14405
燈篭,14397
盂蘭盆,14385
抒情詩,14366
胡粉,14344
蒸篭,14342
正鵠,14320
鞭毛,14299
蒼海,14298
口吻,14271
大甕,14268
酉年,14268
些事,14265
蒼樹,14263
屏風絵,14254
燈明,14228
上巳,14215
畦畔,14214
寒椿,14208
脾胃,14153
焚書,14150
恢復,14147
智人,14145
廻転,14143
菅笠,14138
本鮪,14138
乾坤,14122
階梯,14121
喇叭,14116
綾織,14110
内腔,14106
楊柳,14085
鉗子,14080
誅殺,14037
糸鋸,14016
焼灼,14009
山鳩,13997
覿面,13987
桿菌,13955
石蕗,13953
颱風,13945
伊達男,13913
阿漕,13903
姑獲鳥,13884
魏軍,13877
厖大,13868
函数,13861
亥年,13830
滲出性,13827
海燕,13822
社叢,13810
敵愾心,13795
智謀,13784
死屍,13750
奢侈,13733
牡丹餅,13719
五蘊,13714
狐狸,13701
飯碗,13701
常夜燈,13700
去痰,13690
吊革,13690
紅薔薇,13683
髭面,13665
橋頭堡,13618
禿頭,13605
蘭学者,13605
弛緩剤,13602
博奕,13584
卓袱台,13581
長槍,13578
叢生,13565
事蹟,13561
膾炙,13558
綬章,13553
木槿,13547
銅箔,13541
娼妓,13532
頁岩,13531
智徳,13529
清々,13519
恐々,13507
済々,13496
賤民,13454
赤錆,13449
併呑,13437
繋留,13427
榴弾砲,13426
此岸,13399
旗竿,13357
翌々月,13355
歩哨,13339
腔内,13329
反撥,13328
駿馬,13328
雛菊,13311
粒餡,13305
革紐,13299
少輔,13294
豆冨,13288
樫樽,13284
叛逆,13266
苦瓜,13256
寫眞,13251
類聚,13247
國際,13236
稟議書,13230
席捲,13213
鯉幟,13211
毘古,13201
寂寞,13184
鰻重,13174
膏薬,13142
杵柄,13124
腓骨,13109
薨去,13109
磔刑,13100
水飛沫,13096
論叢,13087
紫宸殿,13054
屡々,13037
磯場,13037
鎮咳,13025
水苔,13025
睥睨,13016
芦毛,13006
目々,12986
檀那,12961
麗澤,12958
白胡麻,12936
銑鉄,12927
爛々,12895
緘黙,12841
礫岩,12822
鎮撫,12817
竪堀,12816
蘭花,12811
内腿,12808
城趾,12780
黒蝶,12756
丑寅,12755
熔岩,12696
赤紫蘇,12695
無智,12687
海嶺,12686
拇指,12685
瑞光,12663
夜鷹,12657
羅紗,12651
燻煙,12636
煤煙,12620
鼠色,12597
膵管,12592
頸癌,12585
糊化,12581
梧桐,12573
猪子,12566
枸杞,12548
蓑虫,12548
鳩舎,12511
氷瀑,12509
註釈,12506
大鷹,12499
彎曲,12488
龍笛,12488
檜垣,12475
無精髭,12471
連翹,12464
勿忘草,12456
娑羅,12454
笹竹,12422
痔瘻,12414
寒蘭,12409
褶曲,12393
骨壺,12372
櫛形,12366
間歇,12360
総桐,12351
呻吟,12346
傘鉾,12344
三椏,12335
口髭,12327
蘇鉄,12321
準強姦,12321
膿疱,12313
嚢胞性,12308
胡乱,12281
女衒,12279
飴屋,12277
襤褸,12248
按司,12240
綿々,12205
血飛沫,12178
鰻丼,12177
禿山,12172
雁首,12165
桃栗,12149
長葱,12143
燻蒸,12130
水茄子,12124
撒布,12115
手々,12114
智将,12113
鮫肌,12105
拗音,12073
破瓜,12071
規矩,12067
花椒,12062
蛋白尿,12056
竿灯,12055
天佑,12052
糞女,12045
天秤棒,12040
蒼然,12026
蹉跌,12015
気侭,11992
奉祀,11984
桂皮,11953
発癌性,11951
檄文,11946
片栗,11927
下賎,11925
鎌鼬,11921
女豹,11887
葉腋,11885
烽火,11875
智識,11871
倭文,11862
舵手,11836
龍翔,11819
脚絆,11805
鱗茎,11805
花椿,11797
雉子,11795
鬼哭,11788
爛熟,11782
不撓,11775
忖度,11765
膵臓癌,11765
干瓢,11755
白蝶,11744
縞柄,11742
連繋,11723
矮性,11722
曝気,11703
炸薬,11693
紐帯,11691
懈怠,11672
浅茅,11668
蟋蟀,11665
雁行,11647
宗廟,11631
団栗,11628
菱餅,11628
稚鮎,11626
狗肉,11604
行李,11601
黙々,11599
座敷牢,11586
外濠,11584
甌穴,11583
斯界,11582
頸管,11574
柑子,11570
軒昂,11568
宥和,11566
緞子,11544
星辰,11542
肉桂,11542
甕棺,11538
耄碌,11536
縷々,11503
聯盟,11495
辻説法,11487
子狐,11455
千歳飴,11442
快哉,11426
椀物,11423
龍脈,11419
敏捷性,11417
字牌,11415
官衙,11414
夜々,11407
萬寿,11399
野糞,11390
聖餐式,11371
梔子,11370
瑞祥,11368
糊塗,11367
渾沌,11363
鰯雲,11342
晴々,11339
萼片,11336
板葺,11333
平仄,11311
潅漑,11306
笹舟,11297
緑膿,11279
頚管,11271
庚午,11256
輜重,11234
橋杭,11223
沽券,11221
瞑目,11216
諾々,11200
磯竿,11199
澪標,11194
落胤,11190
倍々,11182
屎尿,11180
秤量,11157
気魄,11156
小祠,11136
排膿,11116
糠床,11109
隆昌,11075
連雀,11068
銀鱗,11045
稀薄,11036
悲愴感,11034
膣炎,11029
屈腱,11022
緑膿菌,11022
脳裡,10993
昂奮,10991
不甲斐,10986
廻廊,10970
隅櫓,10964
繻子,10953
漁撈,10943
明々後日,10942
青蛙,10937
白鳩,10927
纏足,10912
胚乳,10891
抗癌,10879
究竟,10866
生椎茸,10860
猥談,10850
公娼,10839
三碧,10837
間諜,10830
匕首,10783
花蕾,10780
黒蜥蜴,10769
雨蛙,10747
茶粥,10746
瑞垣,10745
競漕,10743
茫漠,10724
訊問,10713
阿字,10707
辰砂,10692
耐蝕,10689
衿元,10688
大鎧,10683
諒解,10673
馴致,10671
巨躯,10664
稲藁,10663
俸禄,10651
朝餉,10650
灰釉,10649
蠱惑,10644
屍骸,10639
書翰,10636
瑞宝,10630
日蘭,10628
翌々年,10609
蔬菜,10593
稀覯,10582
徃來,10579
搦手,10579
慰撫,10566
龍飛,10564
蝶貝,10560
叡知,10557
茫々,10554
科學,10552
楊子,10551
鶺鴒,10551
襖紙,10533
壬辰,10529
矢鱈,10525
湯桶,10501
吐瀉,10496
紫蘭,10496
攣縮,10491
穢土,10480
三羽烏,10472
日蔭,10471
奉奠,10432
曠野,10429
夜伽,10428
譬喩,10421
増々,10416
臥位,10414
兵部卿,10393
瑜伽,10385
鳶職,10382
膀胱癌,10368
鍬形,10358
肩胛骨,10354
稠密,10349
阿礼,10347
前翅,10332
瓔珞,10328
和竿,10327
茣蓙,10326
更々,10319
走馬燈,10293
躁病,10291
神籤,10290
妓生,10288
手枷,10288
好々爺,10264
臥床,10263
大樽,10262
真鱈,10252
捲簾,10244
逢引,10240
浅蜊,10233
柏手,10229
篭絡,10229
瑞宝章,10223
俯瞰的,10211
封緘,10192
智歯,10181
玉蜀黍,10178
黄楊,10157
幣帛,10155
戰爭,10146
不稔,10129
胚性,10118
薬疹,10111
輿論,10106
只々,10103
闘牌,10100
周濠,10063
岩海苔,10061
癌化,10057
裂肛,10054
纐纈,10050
碧玉,10032
実籾,10025
洗堰,10022
胸鰭,10021
鱗粉,10015
罹患者,10012
蛸壺,10012
啄木鳥,10010
涅槃像,10010
鯖缶,10009
秘蹟,10004
乙巳,9986
蓮台,9983
甘味噌,9979
松籟,9971
恩讐,9970
龍勢,9966
喧々,9964
禽獣,9962
秦王,9961
偶蹄,9949
海嘯,9944
野兎,9936
宵々,9929
脊梁,9922
朝凪,9917
二重瞼,9912
其處,9908
桐材,9904
矮星,9902
帚木,9890
賎民,9885
厭戦,9882
総苞,9877
日之出,9874
鯛焼,9870
銀狐,9854
遺蹟,9815
柴垣,9794
龍鳳,9789
閼伽,9785
匪賊,9762
卓袱,9751
本篇,9740
仇名,9736
峻厳,9726
水呑,9726
苧麻,9711
白鬚,9711
綺羅星,9702
轢死,9702
掩体,9693
曳船,9680
坦坦,9673
炬火,9670
此奴,9666
揚羽蝶,9665
毘売,9665
豌豆,9656
淫蕩,9654
闘龍,9647
阿形,9643
藤袴,9641
跫音,9617
毬藻,9604
舌鋒,9596
學生,9585
蒙古斑,9582
衒学,9576
漆喰壁,9566
芒種,9560
蹲踞,9559
濾紙,9557
防諜,9551
竹箒,9548
胆嚢炎,9545
天狐,9537
吝嗇,9530
備讃,9525
蟹肉,9523
鳶色,9515
涅槃会,9513
青紫蘇,9500
濾過器,9499
駕篭,9495
顛倒,9492
大鳳,9487
雪嶺,9468
萌黄色,9467
會社,9454
陰翳,9448
製鐵,9442
薯蕷,9437
紡錘形,9434
明晰夢,9425
墨蹟,9409
寓居,9409
白萩,9400
夾雑,9397
画帖,9389
驕慢,9389
聾者,9376
鏑矢,9349
酒盃,9346
腎盂炎,9341
註文,9332
悄然,9315
氣功,9313
僭称,9302
体癌,9302
辰年,9295
闖入者,9295
縊死,9291
鴨南蛮,9285
條件,9280
埒外,9274
交々,9267
爾後,9265
知悉,9261
補陀落,9253
屈腱炎,9253
櫓門,9252
婆娑羅,9241
葦毛,9235
桎梏,9224
題簽,9221
鰐口,9219
慙愧,9218
迂遠,9215
横臥,9214
仰臥位,9214
碧空,9208
諤々,9202
膣壁,9202
放埓,9190
梁塵,9189
田螺,9179
手槍,9166
戦斧,9159
荒鷲,9157
龍剣,9144
硯箱,9140
蝶形,9134
地祇,9129
戌亥,9126
首魁,9120
午餐,9119
鎖帷子,9114
印綬,9104
燎原,9096
笹藪,9093
撞木,9090
藺草,9079
沢蟹,9073
齲蝕,9073
辛酉,9059
床几,9052
銘々皿,9051
風蘭,9049
楊梅,9047
鳩時計,9044
隋書,9039
骨董店,9036
迹門,9028
庵治石,9026
耶蘇,8997
廻向,8979
囲繞,8974
濾胞,8957
雄蕊,8957
蘭方,8956
胃瘻,8952
屹度,8948
木蔭,8939
已然,8934
俘囚,8928
井堰,8918
尖頭,8914
琉球語,8901
弘大,8896
黒鷲,8895
細菌叢,8889
管絃,8888
膂力,8888
角閃石,8883
姦通罪,8870
経膣,8870
浩然,8869
仁侠,8862
根尖,8861
侠気,8859
讃嘆,8855
胡散,8852
女狐,8851
味蕾,8831
脹脛,8823
虎杖,8818
蓄膿,8812
李下,8806
閏月,8787
柚香,8784
伊和,8765
阿房,8752
小鷹,8744
綸旨,8739
外國,8737
桜蔭,8735
鯛飯,8730
甲斐路,8722
大掾,8717
些少,8710
篠竹,8699
擲弾,8685
櫓台,8673
栗饅頭,8669
水沫,8667
奸計,8665
水龍,8663
惹句,8659
続篇,8657
交趾,8647
叛旗,8640
上臈,8621
陣笠,8616
檀徒,8613
魚鱗,8609
勝鬨,8608
祇王,8607
小豆粥,8603
施釉,8602
煤竹,8602
慚愧,8599
註解,8597
渾然,8594
姑娘,8590
電鐵,8587
夭逝,8578
高野槙,8572
蛍烏賊,8569
琉金,8568
小豆餡,8562
体腔,8559
譴責,8556
前々年,8548
咬傷,8533
地涌,8531
笠鉾,8525
菩提所,8520
貴賤,8520
丘疹,8512
以來,8505
閻浮,8499
木乃伊,8491
龍女,8491
雪稜,8487
黒髭,8485
訥々,8479
家禄,8479
幌馬車,8475
浅葱色,8464
嗜癖,8448
錦繍,8446
夷狄,8439
弘済会,8431
鼎立,8424
燕尾,8420
韜晦,8415
尤度,8415
碧水,8414
金狼,8413
後翅,8386
撰者,8380
綴方,8377
半同棲,8377
媚態,8360
惟神,8339
當然,8339
什麼,8320
萎凋,8318
骰子,8312
麻雀卓,8309
痛痒,8308
鼻尖,8306
學問,8299
沢瀉,8297
痙性,8297
海龍,8297
抒情歌,8283
咆吼,8277
寵姫,8268
川湊,8265
矩形波,8260
頚髄,8247
柚子茶,8240
旗幟,8239
乱杭,8237
海蝕,8233
梁間,8218
下賤,8209
立葵,8203
浩瀚,8202
海豹,8186
祥瑞,8181
本當,8176
麹室,8173
吐瀉物,8162
齧歯,8162
孵卵,8161
祖廟,8157
黄綬,8155
鳳雛,8151
蛞蝓,8149
嵌入,8148
蓬生,8143
神祇官,8112
魔杖,8111
麻紐,8103
補陀洛,8089
社稷,8087
半襦袢,8076
劫火,8075
侏儒,8064
靱性,8058
北稜,8046
麦麹,8029
壬生菜,8028
蛇蝎,8018
攘夷論,8018
庚寅,8016
松笠,8010
唐櫃,8009
巳年,8008
辰己,7995
白鴎,7988
鉄炮,7987
魏晋,7967
夏椿,7960
妓楼,7953
宇宙塵,7936
枳殻,7926
鬼蜘蛛,7908
輿地,7895
牌譜,7891
虹梁,7883
厚誼,7877
白鞘,7867
禿鷹,7867
讀物,7865
無聊,7863
明烏,7857
雑駁,7846
眷族,7845
鱗状,7826
仄聞,7819
海苔巻,7808
側臥,7807
雲霞,7807
血痰,7804
萌出,7801
疝痛,7794
瘀血,7790
忿怒,7788
羂索,7786
烏天狗,7785
焙烙,7776
緘口,7760
禄高,7759
陀羅,7750
琉璃,7749
畸形,7741
鼻梁,7739
風塵,7738
隋唐,7733
烏瓜,7732
眩惑,7731
狸穴,7730
擂鉢,7725
石鏃,7725
礫層,7718
兇悪,7700
大棗,7699
生甲斐,7694
杜鵑,7690
啓蒙的,7690
笠森,7688
自彊,7675
英蘭,7671
君子蘭,7664
龍角,7655
龍眼,7650
扁平足,7638
聖廟,7630
水桶,7623
古狸,7617
鳳輦,7617
檜扇,7614
鷺草,7607
鼠径部,7606
攪拌機,7605
雲呑,7599
翠玉,7598
糊口,7597
編笠,7596
晩柑,7588
新玉葱,7585
白朮,7582
鹿砦,7572
蔓草,7568
弘誓,7564
吶喊,7560
殺鼠剤,7556
皮膚癌,7550
教誨,7538
胆管癌,7534
頸髄,7530
薩英,7527
脳漿,7526
倭乱,7526
舵角,7517
同衾,7515
投錨,7511
蟇股,7508
檀林,7504
論駁,7503
朝粥,7492
生々,7490
御神籤,7488
托卵,7486
羽蟻,7483
雪椿,7477
膵島,7473
取水堰,7467
朋輩,7460
氷嚢,7458
滂沱,7454
白毫,7448
瀉血,7445
藍綬,7440
日伊,7437
火龍,7427
丸鋸,7422
錨泊,7420
燕子花,7414
役牌,7408
會館,7402
胎嚢,7396
口腔癌,7395
蠢動,7391
咎人,7389
湯灌,7373
壬午,7367
木鐸,7362
欺瞞性,7361
進行癌,7358
汐路,7355
恥垢,7351
緋鯉,7350
蓑毛,7349
琉歌,7347
魏書,7345
佛法,7328
聖櫃,7325
鮭児,7324
入洛,7321
蒼生,7319
頸肩腕,7317
峻険,7306
生鮭,7300
峻烈,7289
主稜,7286
苧環,7285
夾雑物,7282
黒兎,7280
七竈,7274
瞋恚,7270
花崗,7269
聯想,7263
男雛,7263
辻占,7260
鈿女,7258
開咬,7254
寵臣,7249
臥牛,7242
紛々,7241
諷詠,7241
瘡蓋,7237
白樫,7236
粛々,7234
女雛,7233
砂洲,7225
腱膜,7223
証憑,7220
伊呂波,7218
賞讃,7218
袢纏,7207
奇瑞,7198
葺石,7197
俎板,7172
卯年,7170
肉襞,7168
銀蝿,7166
頚癌,7166
筺体,7160
見廻組,7153
慰藉,7142
糠漬,7141
小匙,7137
名牝,7135
私掠,7133
轟轟,7128
紙漉,7126
薔薇族,7123
拇印,7122
梓弓,7115
岩屑,7115
罹災者,7112
除塵,7101
箝口令,7100
滲出液,7098
痩躯,7097
秋也,7097
小萩,7094
凧糸,7092
寺々,7088
茶藝,7088
街々,7084
砕屑,7083
白葱,7083
旅篭,7075
梁山,7071
麹屋,7057
腓腹筋,7044
偏諱,7044
玉梓,7037
猥褻物,7036
樣子,7032
閃緑,7023
真蹟,7017
小學,7013
遁世,7006
鳳仙,7005
儀仗,6992
白楊,6984
雄渾,6982
栄螺,6981
膏肓,6978
茴香,6974
牡丹雪,6972
矢絣,6972
傭船,6968
真只中,6965
高楊枝,6963
畢生,6959
雛祭,6958
幟旗,6953
樋管,6949
妾腹,6944
糯米,6944
癌研,6939
膵液,6938
而今,6936
滄海,6924
珪砂,6920
金鷲,6916
交誼,6915
杖道,6909
坐剤,6908
慷慨,6906
践祚,6899
蝦蛄,6896
鵞鳥,6895
蓮華草,6886
萌葱,6880
先代萩,6876
萬事,6874
葉鞘,6869
蹄跡,6868
胚珠,6864
褥創,6862
尖鋭,6860
蒼々,6860
立錐,6849
麒麟児,6848
竣功,6847
浮游,6846
早蕨,6843
遊侠,6842
単于,6842
竪坑,6839
鄭重,6839
立雛,6830
碾茶,6825
草叢,6825
贋札,6818
面舵,6817
鞍掛,6817
廟堂,6815
伊勢茶,6813
銀鮭,6813
閨閥,6812
屑屋,6811
秋海棠,6808
毎々,6807
巫女舞,6807
野狐禅,6804
目釘,6793
苔癬,6787
大々,6782
鉄兜,6777
逼塞,6775
符牒,6765
戦塵,6764
背嚢,6754
砂嘴,6753
溢水,6749
刺鍼,6748
奸臣,6744
橘樹,6733
煥発,6731
瘻孔,6724
碇泊,6722
文々,6720
掏摸,6719
五月蝿,6716
癩病,6714
悋気,6709
椋鳥,6708
小雀,6702
半跏,6702
懇々,6698
椒房,6697
巡錫,6694
萬世,6682
鳩胸,6667
寒鱈,6649
糞害,6644
煩瑣,6635
伏臥,6628
山嶺,6627
四十雀,6626
歿後,6622
警邏,6610
媚肉,6604
唐茄子,6603
紊乱,6598
八咫,6595
同樣,6592
惻隠,6590
炭礦,6589
漿液,6588
椿事,6586
矍鑠,6581
酢橘,6573
雁塔,6572
輔弼,6567
馴化,6563
脆化,6560
馬廻,6560
軽佻,6558
智力,6555
瑞枝,6554
定聚,6554
人智学,6553
囂々,6547
恋々,6547
龍穴,6547
碁笥,6543
青鞜,6538
旭日旗,6531
爬虫,6526
初雁,6524
野薔薇,6521
雨霰,6519
牝牛,6516
堡塁,6514
糟糠,6510
孩児,6503
珪石,6489
偃月刀,6486
寛恕,6486
尿蛋白,6485
垂迹,6469
花橘,6460
牝犬,6453
庵室,6445
證券,6444
疣贅,6439
尖圭,6433
鹸化,6432
外痔核,6431
孔雀石,6420
蕎麦畑,6420
蟻塚,6415
石膏型,6414
装蹄,6412
無謬,6411
粗朶,6407
撥音,6399
神籬,6394
永訣,6389
傳統,6387
鱗翅,6385
沓形,6376
鴟尾,6370
月桂,6366
鳥篭,6362
雇傭,6358
都々,6355
龍胆,6355
真田紐,6351
呉々,6347
湯垢,6338
蝦夷鹿,6335
石槨,6325
木蘭,6312
津々,6296
革鞄,6293
感覺,6292
豆粕,6290
区々,6288
黴菌,6281
断乎,6268
隈取,6256
養鰻,6253
育雛,6253
内裏雛,6251
放擲,6248
歸國,6247
昼餉,6245
屑鉄,6240
漫畫,6235
掩蔽,6232
辮髪,6231
阿波弁,6228
鱈子,6218
青葱,6218
毒蛾,6212
胆嚢癌,6212
霍乱,6190
档案,6187
光榮,6186
掉尾,6183
俯瞰図,6179
斃死,6176
楕円体,6176
喉頭癌,6173
眞相,6173
唐箕,6172
條約,6171
已然形,6170
惣門,6167
叢林,6164
桧木,6163
鳳蘭,6159
檳榔,6156
阿讃,6155
寒鰤,6152
骨棘,6148
式部卿,6141
汀線,6136
角礫,6136
袴着,6135
姨捨山,6132
橄欖,6130
臀筋,6122
金蓮,6122
火遁,6121
漕艇場,6120
燦爛,6119
白瓜,6115
両天秤,6108
修祓,6106
形而下,6103
卵嚢,6097
萱草,6096
華夷,6096
牢番,6094
梅醤,6087
死姦,6083
桐製,6079
綿飴,6079
樽屋,6078
観智,6066
草葺,6062
須臾,6059
幻燈,6051
鮫皮,6051
唐宋,6046
彼此,6042
小鴨,6040
牢人,6037
舅姑,6036
白椿,6035
金無垢,6031
大賀蓮,6027
怖々,6019
閃緑岩,6019
水嵩,6016
撞着,6015
踵骨,6005
屠場,5999
磁歪,5999
歴々,5998
狐色,5998
底曳網,5996
按察,5993
藪医者,5993
鹿茸,5990
閻浮提,5984
白皙,5976
菩薩道,5975
綽名,5970
咽頭癌,5966
郡衙,5965
国蝶,5964
娩出,5962
脳梁,5961
娘々,5959
甜麺醤,5953
検屍,5952
癌腫,5949
根柢,5935
妓女,5933
蕉門,5930
慈姑,5927
昵懇,5926
垢離,5921
飛蝗,5913
大梁,5907
叩頭,5899
花筐,5896
秘帖,5889
晋山,5887
濛々,5884
雌蕊,5884
贋金,5882
碗皿,5880
潮汐表,5879
發見,5869
炎龍,5868
旧蹟,5867
妻妾,5864
悶死,5861
桐花,5861
鎧戸,5850
蓮葉,5849
名妓,5843
凛凛,5842
燕雀,5840
乾姜,5835
訳註,5834
青鷺,5834
胎仔,5833
潮汐力,5830
顆粒剤,5827
木菟,5822
漕手,5818
腎癌,5812
檀紙,5802
打坐,5802
巫女姫,5799
大鋸,5797
空咳,5786
舌癌,5784
地曳,5781
灌仏,5779
熔接,5777
燕麦,5772
仏智,5769
籐椅子,5766
桜鱒,5764
雁皮,5763
咬筋,5761
昏迷,5759
錆色,5757
強肴,5757
無礙,5751
船渠,5751
条々,5738
裂帛,5735
巷談,5731
下瞼,5724
赤蜻蛉,5718
演繹法,5710
天疱瘡,5706
楕円型,5699
商會,5694
現實,5692
凛然,5684
天鵞絨,5684
緋寒桜,5683
玉兎,5680
山梔子,5673
梶木,5671
猿猴,5671
齧歯類,5671
頌徳,5666
摩訶,5666
簀子,5663
邀撃,5663
出捐,5657
燐寸,5651
雀頭,5651
諸國,5649
反對,5645
按手,5640
狸囃子,5638
恬淡,5637
紅雀,5636
巫子,5635
縄梯子,5632
桐葉,5632
熔融,5631
顛末書,5624
阿膠,5622
祈祷書,5621
養鱒,5619
静々,5610
綴織,5609
飯椀,5609
欽定,5606
蔗糖,5605
文苑,5601
瀉心,5600
隊伍,5598
赫々,5595
全國,5590
劈頭,5581
顎鬚,5580
不羈,5573
誣告,5572
洒落本,5563
蜻蛉玉,5556
利鞘,5554
小癪,5553
神嘗祭,5553
巨蟹,5549
菫色,5541
余禄,5540
駝鳥,5539
猩猩,5537
撞球,5526
讀者,5524
秋萩,5522
活溌,5519
黄耆,5513
腎細胞癌,5508
梟雄,5505
水垢離,5505
黒釉,5502
白粥,5501
行爲,5500
蟻酸,5497
緑蔭,5495
甘蔗,5494
事々,5483
水溜,5479
胚胎,5479
綜絖,5475
牡蠣鍋,5475
煽情,5474
雜誌,5472
牝鹿,5471
遊蕩,5470
金剛杵,5463
大鉈,5441
真菰,5438
緞通,5434
弩級,5429
僧伽,5426
打擲,5412
赤樫,5407
巻藁,5405
跋文,5403
諌言,5401
糞味噌,5397
固陋,5388
倶舎,5382
製麹,5381
馭者,5375
尖部,5375
石筍,5374
姥神,5368
粟粒,5365
丁髷,5364
戊午,5361
廻国,5359
小鮒,5357
座蒲団,5356
島嶼国,5356
頌歌,5348
朗誦,5345
磯浜,5341
私娼,5335
品揃,5328
四角錐,5328
木訥,5327
蓚酸,5320
砦跡,5315
虎狼,5311
切屑,5310
入牢,5306
諒承,5303
木蝋,5295
葦牙,5288
龍蛇,5287
祐筆,5283
化膿菌,5277
金蔓,5269
祓戸,5267
珊瑚海,5265
腿肉,5264
杖術,5263
朧夜,5261
労咳,5253
僑胞,5252
油蝉,5248
経腟,5248
銀木犀,5248
掻爬,5244
真鴨,5244
瀝青,5242
疱疹,5242
蕉風,5241
筮竹,5240
配祀,5238
鐵工,5237
間歇泉,5236
改悛,5235
鷲頭,5232
阿鼻,5230
薔薇柄,5229
耶蘇教,5209
防蝕,5209
軽躁,5207
荏胡麻,5204
念誦,5198
小皺,5192
宿儺,5189
姦計,5182
白袴,5182
銀鱈,5180
全體,5178
凌霄花,5177
腹臥,5176
征夷,5174
偸盗,5172
健啖,5162
棒鱈,5156
開鑿,5153
紅蜘蛛,5153
浚渫船,5151
橘花,5144
昂進,5142
火桶,5139
怯懦,5134
伏龍,5130
茶筌,5125
霍公鳥,5123
碧色,5121
蛙男,5121
濫觴,5119
綺談,5117
毒茸,5115
葡萄色,5115
諮詢,5110
大厦,5108
竹篭,5105
甜菜糖,5100
笑窪,5099
燕王,5091
衿芯,5082
櫛笥,5078
偶蹄類,5078
子癇,5077
菠薐草,5076
芋羊羹,5074
病氣,5073
後撰,5072
萬福,5070
万々,5060
嗄声,5054
藁葺,5054
山栗,5043
掻痒症,5039
相當,5038
三々,5032
危殆,5030
餡蜜,5027
外篇,5016
膵頭,5016
幔幕,5015
飄然,5008
山窩,5006
物見櫓,5006
毬栗,5004
栗石,5003
霊柩,5003
牽牛星,4992
養鯉,4992
布海苔,4989
茘枝,4987
股肱,4986
火山礫,4981
炸裂弾,4981
高蒔絵,4975
小篆,4970
牢名主,4969
紐付,4968
浸蝕,4967
鉄錆,4965
小梁,4964
糜爛,4962
高坏,4962
清楚系,4955
獨立,4949
鷦鷯,4942
立杭,4942
已上,4941
丙寅,4941
肉襦袢,4934
昂然,4928
教誨師,4922
鎧姿,4918
戊申,4912
宸翰,4909
甲冑師,4908
白釉,4907
竿竹,4905
義疏,4904
欣求,4903
氣持,4902
烏有,4902
臘梅,4902
芝蘭,4900
卜占,4897
芋粥,4893
汚穢,4890
漿膜,4885
草摺,4882
綵絵,4880
撒餌,4869
焼夷,4866
沈渣,4864
忽然,4862
大盃,4862
阿字観,4860
掩護,4859
杏露,4858
藪椿,4856
發表,4855
寄寓,4853
大腿筋,4852
膿痂,4851
嬉野茶,4850
海棲,4849
硼素,4846
翠色,4846
護謨,4844
閻魔王,4844
桐紋,4839
錦紗,4837
裳裾,4834
三藐,4829
技倆,4828
駘蕩,4826
糧秣,4825
妾宅,4823
僭主,4819
硯石,4815
産褥期,4814
氣分,4805
幽庵,4805
青椒肉絲,4802
烏口,4798
戊戌,4798
摘蕾,4797
胃痙攣,4796
阿耨多羅,4795
重錘,4794
熨斗袋,4792
宮神輿,4790
洋燈,4788
將來,4787
頓智,4787
揺籃期,4787
確乎,4786
惣太,4785
小判鮫,4771
辻子,4771
桂冠,4769
己丑,4769
胡麻塩,4766
郁文,4764
矜恃,4763
生海苔,4762
翰林,4760
称讃,4759
宏大,4756
玉蘭,4755
狐面,4751
削蹄,4745
野狐,4745
撰述,4744
護國,4740
鉱滓,4739
醍醐桜,4736
螻蛄,4734
萬物,4733
鉄釉,4733
瘋癲,4730
丸髷,4725
田畠,4725
前蛹,4725
蕎麦茶,4724
有棘,4720
崛起,4715
瑞応,4714
偏頗,4711
拱手,4703
封蝋,4701
針鼠,4699
安全牌,4698
仏伊,4696
真鯉,4694
憂欝,4692
御籤,4688
孩子,4672
理智,4672
闡提,4670
腱鞘,4668
金鵄,4667
痂疹,4663
鉄鼠,4657
銅戈,4656
権禰宜,4656
病臥,4646
壟断,4642
青髭,4642
海堡,4638
涌出,4633
苞葉,4631
珪化,4630
盧遮那,4629
青笹,4628
厨芥,4622
蕩尽,4619
宋書,4616
藝能,4615
膿痂疹,4615
酸漿,4612
華胥,4610
銀斧,4608
蝋細工,4606
智勇,4603
疝気,4603
天祐,4601
嘘発見器,4601
小手毬,4600
絨緞,4600
裨益,4600
金匱,4600
飛礫,4599
滾々,4596
干戈,4591
予餞,4588
骨牌,4588
舵輪,4588
青桐,4585
蟠龍,4585
巫山戯,4584
誘蛾灯,4582
稀少性,4579
蒼黒,4578
燔祭,4574
歯痒,4573
大鴉,4571
弘教,4571
檜材,4569
野苺,4569
紆余,4566
龍舞,4564
悉曇,4563
馘首,4562
卯建,4562
鯉鮒,4562
石斛,4559
雀蜂,4559
慧日,4558
桐畑,4555
竹笹,4551
内訌,4550
豹頭,4549
鯖節,4544
杣山,4543
柳絮,4543
佳肴,4537
只事,4537
雁皮紙,4537
讃辞,4535
歎息,4533
琉舞,4533
静坐,4532
逢着,4531
顎髭,4530
自在鉤,4524
萬人,4524
御稜威,4523
發展,4523
仔豚,4522
膿胸,4520
縷縷,4519
微々,4518
炭疽病,4516
鷲鼻,4515
閻魔帳,4513
紋紗,4508
楔状,4507
藪山,4505
前々月,4497
厩肥,4493
槍先,4492
慫慂,4490
歪率,4490
鴨場,4487
嵌頓,4485
諸佛,4479
緑釉,4473
禿藁,4472
竜舌蘭,4470
俯仰,4457
童蒙,4457
熨斗目,4454
塩鯖,4453
手櫛,4451
鞘腫,4450
姥捨山,4447
上瞼,4447
媽媽,4446
宋元,4444
銀鼠,4441
流寓,4440
古蹟,4439
鶯色,4439
屠畜,4437
龍吟,4436
甥姪,4434
街燈,4432
錫器,4432
蓑笠,4431
壬子,4430
而立,4429
店々,4429
流涎,4427
水甕,4426
鼻茸,4426
稔性,4424
奸雄,4421
知慧,4420
阿諛,4418
宣撫,4417
箒星,4417
腋芽,4417
全麹,4417
才智,4416
骨董品屋,4415
焜炉,4410
枝々,4409
櫛目,4408
帰洛,4407
鱗雲,4406
咸宜,4401
閃光弾,4400
罌粟,4394
外套膜,4394
粳米,4393
瓜子,4392
裳階,4391
旭光,4386
斜頚,4385
掣肘,4383
戊子,4382
小倉餡,4381
宿痾,4376
乙丑,4376
弓箭,4374
挽物,4374
磊落,4372
芹菜,4372
迦陵頻伽,4370
煌煌,4368
按察使,4367
騾馬,4363
法爾,4362
太棹,4358
蟯虫,4358
訓詁,4358
欺罔,4354
感歎,4347
痘瘡,4346
霰粒,4345
譚詩,4344
鳥兜,4338
蝌蚪,4336
満腔,4334
蕨餅,4334
凱陣,4331
叮嚀,4330
蝶形骨,4330
鋭鋒,4327
己巳,4326
糠味噌,4319
澎湃,4317
區別,4316
專門,4316
潅流,4312
智略,4311
土饅頭,4309
貔貅,4309
撹拌機,4308
畸人,4306
鮎漁,4306
苫屋,4304
花篭,4299
街娼,4299
胼胝,4297
鋼鈑,4294
共棲,4288
巴戦,4288
紋白蝶,4284
落窪,4284
手燭,4283
溶銑,4282
曳網,4280
桐一葉,4279
狷介,4276
御蔭様,4275
飯蛸,4275
容喙,4271
憑物,4271
梯団,4271
笠石,4270
蒼竜,4269
黒蟻,4269
霰粒腫,4259
華鬘,4258
瀉下,4257
伶人,4256
竿師,4254
恰度,4251
梳毛,4249
丁卯,4248
灸師,4248
太傅,4247
焙焼,4247
試驗,4245
鍼療,4244
冨嶽,4244
樽詰,4244
小児癌,4241
粟餅,4241
佇立,4240
經驗,4239
神経鞘,4238
鎮痙,4234
腋下,4233
丁亥,4232
充溢,4230
愚禿,4229
穿通,4229
鞍作,4229
躁転,4227
遊戲,4226
魚篭,4222
撰文,4221
製餡,4219
投槍,4216
放埒,4216
前癌,4216
毛槍,4203
梵我,4191
梟首,4190
倭名,4187
頸椎症,4187
脈々,4185
杏葉,4185
呵呵,4184
巨魁,4183
藁灰,4182
稀釈,4180
肋膜炎,4179
最尤,4178
狒々,4175
三巴,4173
振盪,4170
蓮弁,4169
登龍,4166
三々九度,4165
唐黍,4165
福々,4165
恐懼,4161
漢奸,4161
杉苔,4160
蜚語,4156
鉄鏃,4156
不精髭,4154
痔主,4154
連凧,4150
弯曲,4149
晦渋,4148
卯木,4147
炊爨,4146
灰塵,4142
粉微塵,4142
頭陀袋,4135
行縢,4133
會議,4132
火燵,4131
魁偉,4126
木杭,4124
脾腫,4122
落魄,4122
白髪葱,4121
螺髪,4119
侵掠,4118
瞥見,4118
發達,4117
鉄漿,4117
娼家,4113
母趾,4112
輓馬,4107
楚軍,4107
牢屋敷,4105
濾液,4104
扁平率,4102
厥陰,4101
僑報,4100
膠質,4100
鳩笛,4094
分葱,4092
鹹水,4090
蝙蝠傘,4089
御洒落,4087
滄浪,4086
大蟹,4085
揺蕩,4083
腋臭症,4081
兇器,4078
茉莉花茶,4078
英邁,4077
錨鎖,4077
截金,4075
紬地,4072
対蹠,4067
瞼板,4065
摸索,4063
幽邃,4061
野鼠,4060
坐位,4057
中砥,4054
庚辰,4054
翌檜,4048
緘黙症,4047
蹶起,4042
觀念,4041
矮鶏,4039
米茄子,4039
猪突,4036
笹竜胆,4035
衒学的,4035
螳螂,4032
浦々,4031
蘚苔,4029
惡魔,4026
血汐,4026
気嚢,4025
山廬,4025
丁酉,4017
溯上,4014
木阿弥,4007
長袴,4004
六腑,4000
独擅場,4000
碧雲,4000
粕取,3999
黄燐,3998
縞目,3997
譫妄,3997
藁半紙,3994
胆道癌,3990
釘抜,3984
兜率,3983
痒疹,3980
駿足,3980
戦歿,3977
値嵩株,3976
這松,3976
癸酉,3976
渺茫,3975
開渠,3970
喃語,3968
苔庭,3965
華燭,3963
擲弾筒,3962
嗜眠,3961
蝟集,3959
笠雲,3958
正餐,3957
膣錠,3956
緩々,3954
山砦,3951
浪々,3951
雲梯,3950
竿尻,3948
鹿苑,3948
俚諺,3940
蓴菜,3939
腹鰭,3939
鮭鱒,3939
伊達者,3938
大廈,3927
青苔,3921
口訣,3920
誦経,3915
闘諍,3914
煤塵,3913
展翅,3911
奠都,3906
片々,3906
北狄,3904
曳光弾,3902
鴨東,3901
直瀑,3900
猖獗,3898
掃蕩,3897
屑籠,3895
挌闘,3893
薮蚊,3893
牢内,3891
多數,3890
米飴,3889
甲寅,3886
対話篇,3884
肋軟骨,3884
溝渠,3882
轟然,3881
鱗屑,3878
葦笛,3877
昏々,3875
檀越,3872
濡髪,3871
俯角,3870
悉有,3868
年嵩,3866
蜈蚣,3864
瑞兆,3861
牛蛙,3858
總本店,3854
獅子唐,3853
黒鮪,3852
花霞,3851
米櫃,3850
乃公,3849
水禽,3849
髄鞘,3849
後胤,3848
革鎧,3848
野晒,3843
寿司桶,3843
蟇目,3841
紫薇,3834
卑賤,3833
豆狸,3829
轢殺,3827
位牌堂,3827
猩紅熱,3826
蹂躪,3824
貪婪,3821
退嬰,3819
刈萱,3818
瀟湘,3818
蘭医,3817
桧扇,3815
精嚢,3814
佛性,3813
炯眼,3812
巨龍,3811
高粱,3811
製函,3811
紬糸,3808
弗素,3805
蘭鋳,3801
鋲螺,3800
藤蔓,3794
磯魚,3789
肺腑,3788
法蓮草,3787
苗圃,3787
胚軸,3786
川蝉,3782
糞親父,3782
菌叢,3782
辻々,3780
入渠,3778
佩刀,3773
回漕,3772
土牢,3772
羚羊,3765
一匁,3764
揚々,3763
落屑,3763
種々相,3762
家兎,3762
吻合術,3761
輪廓,3760
古筝,3760
漫々,3759
蹈鞴,3758
屠蘇散,3756
帯鋸,3755
魯鈍,3754
面皰,3751
乾海苔,3747
陸棲,3747
牌効率,3747
機智,3746
甦生,3744
中學,3742
大欅,3742
蕩々,3735
危險,3734
橙黄,3724
駸々,3721
万朶,3717
閨房,3716
籤運,3713
笹身,3708
孵卵器,3706
中臈,3705
申酉,3704
洲浜,3701
櫛歯,3701
宮内卿,3698
自彊術,3696
挺進,3690
鉾先,3690
栗名月,3689
莫逆,3688
鋪装,3685
宝筐,3684
蟻道,3683
赤埴,3682
都鄙,3682
岳樺,3680
蛇苺,3677
俄雨,3677
枡席,3671
槌音,3670
西戎,3669
惣代,3668
操舵手,3667
雷霆,3665
孝悌,3661
戀愛,3660
罨法,3659
法匪,3659
硼酸,3656
蕩減,3654
倭館,3652
先秦,3652
遊弋,3651
遺址,3651
桶風呂,3647
嵩高,3646
日宋,3646
着袴,3645
梯子段,3644
穿鑿,3644
智能,3643
杣道,3643
膿性,3642
震盪,3638
牡蠣殻,3636
佩用,3635
祝祷,3634
点燈,3634
海鼠壁,3633
繃帯,3626
厭世観,3626
隕鉄,3623
紺綬,3622
聖寵,3621
陰々,3616
足趾,3614
呑屋,3613
斯道,3610
日雀,3610
旭日章,3610
山襞,3606
濡場,3604
周圍,3604
梁書,3600
衿裏,3600
鯉魚,3599
湮滅,3597
蝴蝶,3597
褌姿,3596
稗史,3595
子狸,3595
自摸,3595
綸言,3594
藁屋,3594
柞原,3593
呑吐,3592
試錐,3588
旅烏,3585
脾経,3583
判斷,3583
烈々,3582
制癌剤,3580
玉簾,3580
癸未,3577
萌葱色,3576
学生鞄,3574
鉦鼓,3573
癸亥,3573
剽軽,3572
馬鞍,3571
海鵜,3570
祠官,3568
血膿,3568
蛸足,3568
茅屋,3567
広衿,3565
蕭々,3560
蘿蔔,3559
跣足,3559
辣韮,3555
叛徒,3553
颶風,3553
剪除,3551
腰蓑,3548
割烹店,3547
洗滌,3545
六臂,3540
賞牌,3538
正坐,3536
猪武者,3534
譫言,3533
一雫,3533
数牌,3533
楮紙,3533
辻番,3532
逗葉,3532
声々,3531
忌諱,3530
頻々,3529
諄々,3528
魔狼,3528
乙酉,3527
臘八,3526
内濠,3526
悉皆屋,3525
扼殺,3525
名稱,3525
塵肺,3520
秋霖,3518
彷書,3517
烏頭,3515
白堊,3515
尖峰,3511
経帷子,3510
荊棘,3510
呵々,3503
麻雀店,3503
醴泉,3501
倦厭,3500
菱垣,3500
男伊達,3498
鷹場,3497
水遁,3494
臍下,3494
隼鷹,3493
要訣,3492
鞘当,3491
篆刻家,3490
欠缺,3489
橈側,3487
陋巷,3481
雪豹,3481
讃歎,3477
向日葵畑,3475
巫術,3472
懶惰,3471
干魃,3469
自讃,3469
麦稈,3468
力瘤,3463
計畫,3462
權利,3460
芥子粒,3460
重祚,3460
辻馬車,3460
聚落,3455
楔形,3455
雀卓,3454
復仇,3451
轢断,3451
耽読,3449
安々,3448
青痣,3448
干鰯,3447
頭陀,3447
蜜壺,3447
弑逆,3445
参篭,3443
土匪,3443
頂稜,3443
恁麼,3441
柴燈,3439
施灸,3436
小糠雨,3434
姪孫,3434
宋学,3434
芋蔓式,3432
謦咳,3430
阿僧祇,3430
点睛,3427
山毛欅,3426
花簪,3426
曼茶羅,3426
辛巳,3423
天稟,3421
駕籠屋,3421
繼續,3419
特輯,3416
本迹,3414
著莪,3414
藪蚊,3411
躯幹,3407
痰壺,3407
裳着,3407
菩薩戒,3405
蒼蝿,3404
狡兎,3403
鋪道,3401
機關,3400
叡慮,3399
慳貪,3399
溢流,3397
苑地,3392
縹色,3391
蹌踉,3389
嫣然,3388
金牌,3388
斜頸,3387
聨合,3385
叛意,3384
気焔,3383
花筵,3383
跋渉,3383
司厨,3383
山雀,3382
丁丑,3382
漿液性,3382
祓詞,3380
心裡,3380
煽情的,3376
襁褓,3375
含嗽,3374
雛菓子,3373
金盥,3372
秦軍,3370
嚢中,3367
隈笹,3367
丸茄子,3365
桐油,3363
殷代,3361
鷺舞,3360
蒼茫,3355
烏羽,3352
白燐弾,3350
膺懲,3349
大臀筋,3349
蟹股,3348
水濠,3348
鳶尾,3347
大櫛,3346
漆箔,3344
對象,3341
讒謗,3341
装蹄師,3341
囮役,3335
綾杉,3335
彫琢,3334
岩茸,3333
叩打,3331
糊代,3327
劫罰,3327
炮烙,3326
翌々週,3325
棉花,3323
濡衣,3321
鳶頭,3320
花鰹,3319
燕子,3318
縹渺,3317
性慾,3316
榕樹,3312
赤蛙,3312
闡明,3309
半蔀,3309
桧皮,3307
一碧,3306
證據,3306
碧巌,3305
論註,3304
迦羅,3302
嘘話,3302
辛卯,3302
筆蹟,3300
瀰漫,3299
膣穴,3299
茜雲,3299
燐鉱,3297
波飛沫,3297
焚口,3295
山翡翠,3295
入宋,3289
扁鵲,3285
炒麺,3282
釘打,3282
姥桜,3281
祢宜,3280
蔓植物,3280
撰進,3280
柳樽,3279
糞真面目,3276
朱鷺色,3275
皇胤,3275
被曝者,3274
棒杭,3271
甲戌,3271
鴇色,3270
苹果,3268
檜林,3267
素襖,3264
新嘗,3262
諤諤,3261
巫女姿,3261
老鶯,3261
大體,3258
鞨鼓,3256
涅槃仏,3254
李花,3253
神燈,3253
長茄子,3251
褥婦,3247
剪紙,3245
笹百合,3245
酸棗,3244
樹叢,3243
環壕,3240
歎願,3239
王國,3238
何首烏,3237
鳩目,3237
茅花,3235
迂濶,3234
蓬髪,3232
来駕,3230
烟草,3230
戊寅,3229
焚付,3226
鶏肋,3225
吃水,3224
防黴,3224
土鳩,3221
初仔,3221
青薔薇,3221
格子縞,3220
皓々,3219
一重瞼,3217
憑霊,3215
遺誡,3213
揉捻,3211
丁巳,3206
坐忘,3206
惣村,3205
獅子宮,3205
脛毛,3203
陸繋,3202
撥音便,3196
木樋,3193
洒落者,3189
依怙地,3188
藩屏,3187
槍衾,3184
經營,3184
横櫛,3183
元龍,3182
蜘蛛糸,3181
礫地,3180
魚籃,3179
論攷,3175
蔀戸,3175
珪質,3173
衛戍,3173
乙卯,3172
都邑,3170
鳩首,3169
寸毫,3168
喋々,3166
大鋸屑,3166
惨澹,3166
一擲,3165
針生姜,3164
梶棒,3163
誹諧,3163
酢漿,3162
汗疱,3161
真蛸,3156
磐境,3154
苺味,3153
本圃,3151
黄塵,3150
罫紙,3147
蘭書,3147
長躯,3146
黄櫨染,3145
翠緑,3144
傀儡子,3144
鉄釘,3142
生蕃,3140
琉拳,3139
石苔,3137
見廻,3136
痙縮,3132
吾妹子,3130
内胚葉,3130
緬羊,3129
放鷹,3127
奸智,3126
庄園,3126
割栗,3125
蝋石,3120
赤薔薇,3120
盲唖,3119
三鈷,3117
嫋々,3116
嫡々,3116
平蜘蛛,3115
喧喧,3112
楚歌,3111
截然,3110
槍烏賊,3108
粟飯,3107
一人々々,3105
霖雨,3104
一闡提,3103
膿汁,3102
弩兵,3100
宝燈,3097
遼遠,3096
羯鼓,3093
真撰,3093
軟膏剤,3092
書痙,3091
茄子紺,3089
転轍機,3089
佩楯,3088
蛟龍,3086
塩鯛,3085
歳々,3084
濾過機,3082
金鍔,3078
滔滔,3075
烏兎,3075
棗仁,3075
栄耀,3074
野鴨,3067
熾火,3065
膿栓,3061
内苑,3060
蜜柑色,3060
別墅,3059
恐惶,3059
方向舵,3058
茜空,3058
寒雀,3057
金鳳花,3056
障礙,3055
纏綿,3054
什物,3053
鞄屋,3053
朔風,3052
發言,3052
盃口,3051
常磐木,3050
摺鉢,3050
種智,3050
漸々,3048
抛棄,3046
籐製品,3046
猪首,3045
庚子,3042
秦代,3042
蛮夷,3041
傷痍,3037
桂成,3035
鶴嘴,3031
饕餮,3030
宋軍,3028
検屍官,3026
金盃,3025
降雹,3020
狸親父,3018
蔦紅葉,3015
名苑,3014
狂瀾,3012
國造,3011
雀斑,3010
光耀,3008
転舵,3008
丙戌,3004
石礫,3004
殷雷,3003
角樽,3001
薮蛇,2999
翠松,2998
小庵,2996
私掠船,2995
熔解,2994
蒼蒼,2994
俚言,2991
溌溂,2991
嚥下食,2991
鋒鋩,2988
亜砒酸,2987
渡櫓,2987
葉蘭,2986
太々,2986
濠端,2986
這々,2986
管狐,2984
糞爺,2984
槿花,2983
倶舎論,2982
画龍,2981
小趾,2980
慰藉料,2980
庚戌,2976
映畫,2976
辣椒,2973
賤業,2972
磯波,2970
端坐,2969
公寓,2968
赫赫,2966
生酛,2966
白絣,2965
鱶鰭,2963
猪豚,2962
一蓮,2961
螢光,2961
膵内,2958
両腿,2958
流謫,2950
熊鷹,2950
己卯,2950
庵跡,2949
矩計,2949
赤茄子,2948
歯朶,2947
弥々,2946
嚮導,2945
稜威,2940
錐体路,2939
勅諚,2934
聯通,2932
貯溜,2931
衿先,2928
鳩羽,2928
濾水,2926
食慾,2926
膣肉,2926
埴土,2924
小禽,2924
紗幕,2924
同桂,2923
瑕瑾,2922
議會,2921
桂庵,2919
醫學,2917
處女,2916
最尤法,2914
赤髭,2912
御伽話,2910
眼睛,2909
金鳳,2909
繋辞,2906
詭計,2905
甲辰,2902
輜重兵,2902
葱油,2899
烏鷺,2898
掬水,2894
磐戸,2893
梵網,2886
絹紬,2885
漣痕,2880
白蝋,2880
駈足,2876
海鼠腸,2872
驃騎,2871
夜咄,2871
国衙領,2868
銀蠅,2864
溝鼠,2860
蕭条,2859
蕭然,2859
謎々,2859
祭禮,2857
胡人,2856
外務卿,2855
素袍,2854
殯宮,2853
膠着語,2850
擡頭,2848
花鋏,2848
膣奥,2848
摸倣,2846
孔孟,2846
腟内,2842
巫覡,2840
阿媽,2838
老耄,2835
桝目,2834
殷賑,2834
鉄斧,2834
青嶺,2833
雛段,2830
栗餡,2829
槍隊,2828
御神燈,2825
煉炭,2824
而已,2822
龍紋,2822
陋習,2821
塵劫,2821
赫奕,2820
膣外,2819
滲透,2818
萱原,2818
身贔屓,2814
國史,2808
無闇矢鱈,2807
弗化,2807
鳶口,2806
燭光,2805
水疱性,2804
壺形,2802
蝋色,2801
念々,2800
珊瑚樹,2800
珪肺,2800
豁然,2800
哈日,2799
連子鯛,2797
絣柄,2791
青柚子,2790
悔悛,2789
僻村,2787
游泳,2787
壬戌,2787
楓林,2786
口枷,2784
汐干,2783
宏壮,2782
好好爺,2781
辭典,2781
献饌,2775
行々子,2775
平家蟹,2774
慾望,2774
綴字,2774
荊冠,2772
黒狐,2772
癸巳,2770
皮鎧,2767
捩花,2764
土壙,2763
呑舟,2761
蘋果,2759
檜木,2758
溯行,2758
綺想,2757
肺腺癌,2757
印篭,2755
蛟竜,2755
讒訴,2755
檜葉,2752
虻蜂,2752
聰明,2749
葷酒,2747
真桑瓜,2745
袴腰,2745
高禄,2744
水洟,2739
鉋屑,2739
八重葎,2735
抽籤,2735
蛋白石,2735
杜松,2735
鴨神,2734
荷捌,2731
粘稠,2731
潜龍,2726
礼智,2726
水疱症,2724
飛瀑,2722
懺法,2719
跨道,2719
鮭漁,2719
老媼,2717
肺尖,2717
廻状,2714
粗鬆,2713
其処此処,2712
縦皺,2712
苑池,2712
揚雲雀,2710
喋舌,2710
捧持,2709
肇国,2709
隋代,2709
肴屋,2708
杉桶,2707
山嶽,2705
癸丑,2704
愛誦,2702
凱風,2700
鰓蓋,2698
宸筆,2697
小楯,2697
無慙,2695
閨秀,2695
山親爺,2693
竿下,2693
上燗,2692
心尖,2690
食用蛙,2687
碌々,2684
民部卿,2684
筏師,2683
熱函,2681
羯磨,2677
塩飴,2677
縞馬,2674
姥堂,2670
小狐,2669
糊料,2669
犬釘,2667
濡縁,2666
天々,2665
金烏,2665
煖炉,2664
齷齪,2664
猪牙,2662
賽子,2662
飄逸,2660
蕃書,2660
贓物,2659
黄蓮,2658
鳩信,2657
狡知,2656
籾米,2653
楯無,2653
玉鉾,2652
嚢胞腎,2651
屠畜場,2647
蘭画,2646
麹蓋,2646
仇花,2643
糞婆,2642
筆鋒,2641
鮭缶,2640
大捷,2639
総攬,2639
峨々,2638
犀利,2636
憐愍,2633
妊孕,2632
鍼医,2631
凍瘡,2628
小柴垣,2628
樵夫,2628
肝膿瘍,2628
穹窿,2627
斯文,2624
杓文字,2623
豊穰,2623
晋王,2622
入鋏,2621
蘭領,2621
聯邦,2618
誣告罪,2618
側弯,2617
咬頭,2615
撒水,2615
菲才,2615
悲歎,2614
猫糞,2612
蠱毒,2612
火鼠,2612
鷹爪,2612
海鞘,2611
踏鞴,2611
耳糞,2611
繁縷,2606
悉地,2605
書牘,2605
水牢,2604
亥子,2603
滑腔砲,2601
莢膜,2600
赤蕪,2597
平茸,2594
毘賣,2593
本氣,2592
廻米,2591
颯々,2590
絣糸,2589
増嵩,2587
墨壺,2587
豊稔,2587
赤珊瑚,2587
琉球藍,2586
緋襷,2585
連祷,2585
舌尖,2583
首枷,2578
干竿,2569
鉄杭,2569
怨讐,2567
溜井,2567
鰹木,2560
平紐,2559
東嶺,2558
花鯛,2558
湯帷子,2557
竜鳳,2557
富籤,2556
山巓,2555
椿説,2555
紺絣,2554
籾摺,2554
絶讃,2554
抬頭,2553
鯔背,2553
壬寅,2552
丙辰,2551
抽苔,2548
喉飴,2548
海苔網,2547
兒童,2546
神祠,2545
牝鶏,2543
魑魅,2543
情慾,2542
鐵工所,2542
燻製器,2541
転轍,2540
狂躁,2539
邪智,2539
淳風,2539
摺物,2537
胚子,2537
切磋,2536
鋏角,2536
尺鮎,2535
錨地,2534
春蝉,2531
炭塵,2531
偏倚,2530
昌栄,2530
布袋葵,2529
滌除,2529
掌篇,2528
羽箒,2528
御饌,2527
漠々,2526
暗槓,2524
子鼠,2523
烏梅,2523
嬉嬉,2521
倭語,2520
藝文,2518
燈心,2514
磯松,2513
陸繋島,2513
孺子,2512
槍持,2511
野猪,2510
陋屋,2510
鶏鳴狗盗,2510
蕃人,2507
玄昌,2507
服膺,2506
駑馬,2505
対々,2504
豫章,2503
藁束,2503
海翔,2501
蒐書,2500
鏖殺,2500
鞦韆,2496
寒蝉,2496
仮寓,2495
猪口才,2495
光禄,2493
寵妃,2493
葫蘆,2492
下髭,2492
自覺,2489
心々,2488
瀞場,2488
薄倖,2487
楞厳,2486
牡牝,2486
箜篌,2485
初爻,2484
瀉火,2482
山寨,2481
聯絡,2479
讃仰,2479
援蒋,2478
綺語,2478
天水桶,2478
玉櫛,2477
短躯,2476
蘭語,2475
範圍,2474
天籟,2473
肋間筋,2473
救恤,2471
奸賊,2469
鍼術,2468
健啖家,2465
按排,2463
川芎,2463
己酉,2462
諺文,2460
草臥,2459
秩禄,2458
蟻食,2458
一瓢,2457
搗精,2457
爆蘭,2457
裂罅,2457
伎倆,2456
大鯉,2456
綾錦,2456
蟹足,2451
青黛,2450
恢々,2450
燐灰石,2449
木鋏,2448
炯々,2448
鉄鎚,2448
鼠蹊,2447
左腿,2447
汁碗,2447
鵜舟,2445
川獺,2444
衙門,2444
脛巾,2442
桂華,2439
藪柑子,2439
射倖,2438
全智,2437
鸚哥,2433
季肋,2432
夜這,2431
馬橇,2431
人面瘡,2430
哀憐,2429
片口鰯,2429
小倅,2428
辻斬,2427
銅雀,2427
啼鳥,2424
帯紐,2424
仔鹿,2422
管腔,2422
梶取,2421
化痰,2419
清淨,2418
青霞,2416
拝跪,2415
篠懸,2415
瑞鳥,2415
恢恢,2414
諷誦,2414
中肋,2412
摸造,2411
真牡蠣,2411
入寇,2410
綴込,2410
黒檜,2410
上卿,2409
糸縅,2409
手套,2407
胸紐,2407
飜訳,2407
牝豚,2407
黄芩,2407
頸骨,2406
延胡索,2403
謬見,2402
叩解,2401
笈摺,2401
其奴,2398
土蜘,2398
抜萃,2396
鉤虫,2394
名槍,2393
嬉楽,2391
黒錆,2391
價格,2389
拼音,2389
欣快,2389
涸渇,2389
夏柑,2389
鱈汁,2389
荒蕪,2387
糸屑,2387
藪蛇,2384
金碧,2384
枳実,2383
辛丑,2383
三蹟,2381
楯状,2380
龍鱗,2380
萱葺,2379
阿世,2379
鉄滓,2378
久闊,2376
仕込杖,2375
観楓,2373
鰊漁,2373
背馳,2372
蘇生後,2371
両棲類,2370
熨斗鮑,2370
撫育,2369
欣然,2369
歩々,2369
独墺,2367
蟹場,2366
青苧,2365
来寇,2362
収攬,2359
讀本,2359
藁屋根,2359
風鐸,2357
蘇枋,2356
磯巾着,2355
繍帳,2355
菖蒲酒,2355
犀角,2355
奴凧,2354
馬簾,2354
敎育,2353
秀嶺,2353
雑沓,2351
遠吠,2351
燕楽,2349
飯櫃,2347
是々,2347
石佛,2346
鱈場蟹,2345
美禄,2345
肋膜,2343
旗袍,2343
戰争,2342
蜆汁,2342
權力,2340
籾数,2340
明眸,2339
頸筋,2337
指尖,2337
松毬,2333
梵文,2333
蒼鉛,2333
廓清,2331
歐米,2331
誅伐,2331
潜函,2330
蕎麦汁,2330
癩者,2329
芥子菜,2329
歿年,2326
蛙股,2325
顔馴染,2325
趾間,2323
比々,2323
俚謡,2322
癸卯,2321
婀娜,2320
姥捨,2319
螢火,2318
奸物,2317
蟒蛇,2317
男妾,2316
寝藁,2315
註記,2315
竪型,2314
浅茅生,2311
玳瑁,2311
筆硯,2311
朔望,2311
鞘師,2310
硅砂,2309
掻巻,2304
宋版,2304
和綴,2301
巌頭,2301
姦雄,2297
栗畑,2297
瑣事,2293
鴨脚,2293
恐龍,2292
鋸筋,2292
牟尼,2290
平氣,2289
龍驤,2289
晨朝,2288
白鼠,2286
鋤簾,2286
花茗荷,2286
緋縅,2284
優々,2284
翠黛,2283
眈眈,2280
經過,2280
堰止,2279
自註,2279
小葱,2276
骨粗鬆,2276
棲処,2275
焼肴,2275
輔佐,2275
溜塗,2274
揺曳,2271
柿葺,2271
鹹味,2270
諍論,2270
藁苞,2269
蝦夷松,2267
坐漁,2267
梯子車,2266
賞翫,2265
樺太犬,2265
石菖,2264
弱々,2263
疥癬虫,2262
宋銭,2261
兇暴,2260
癇癪玉,2260
二臂,2260
外寇,2259
淫祠,2259
古來,2259
捧呈,2257
金雀,2255
兌換券,2254
變更,2253
楫取,2252
神廟,2252
鴻毛,2251
細紐,2251
俗塵,2250
廣貫堂,2249
朱欒,2249
魚鱗癬,2249
井蛙,2248
朔北,2247
狼火,2247
麻苧,2247
啾啾,2243
懿徳,2243
巌窟,2243
癲狂,2242
揣摩,2238
下睫毛,2238
花栗,2237
大晦,2234
真魚鰹,2232
灸頭,2231
閑々,2230
冢宰,2228
京雛,2228
山蕗,2228
縮絨,2228
茶椀,2225
名蹟,2223
連嶺,2223
葭簀,2221
土生姜,2221
艱苦,2220
崖錐,2219
打毬,2219
悪龍,2216
抜釘,2215
烏薬,2215
宥恕,2210
巡撫,2210
凛冽,2208
板海苔,2207
私撰,2203
馬鍬,2203
石幢,2203
斯業,2202
哨兵,2201
屍肉,2201
段梯子,2200
然々,2199
瀝青炭,2198
葦簾,2197
趙軍,2196
唐鍬,2194
柞蚕,2194
稀世,2194
厩馬,2194
注疏,2193
編綴,2193
驕奢,2192
性淘汰,2192
花聟,2191
鎮咳剤,2190
祖國,2190
罐詰,2190
贋造,2189
悪狐,2187
爻辞,2186
廃娼,2186
苔桃,2185
群棲,2182
空々,2180
病牀,2179
竹柏,2178
積聚,2178
師傅,2177
車曳,2176
塵紙,2174
龍徳,2174
茫茫,2173
兜煮,2173
盲牌,2171
蟹缶,2171
鎧櫃,2171
鷹派,2170
梯子酒,2169
殿様蛙,2169
海驢,2168
酒壷,2167
淵瀬,2166
白髯,2166
擱座,2165
窈窕,2165
這裡,2164
大壺,2164
下疳,2163
尺牘,2163
煉羊羹,2161
巡邏,2160
正閏,2159
躙口,2159
刀槍,2159
蓬餅,2159
壜詰,2158
山菅,2158
贅言,2158
使嗾,2157
杉綾,2157
杜鵑草,2156
喊声,2155
墨烏賊,2154
什宝,2153
水瀉,2150
尾篭,2149
逆梁,2149
脈搏,2148
鍔元,2148
膵体,2147
蛔虫,2145
若禿,2145
肥溜,2142
関聯,2141
承知之助,2139
旱害,2139
壺湯,2138
痰壷,2138
亢奮,2137
鼠算,2136
吃水線,2135
讃仏,2135
燐火,2133
偃月,2132
稀書,2132
籃胎,2132
蕎麦殻,2132
偏旁,2131
苺畑,2131
金瓜,2131
笠子,2130
駐箚,2129
茅渟,2129
心悸,2128
場裡,2127
昔噺,2126
綴錦,2124
中心窩,2123
綿埃,2123
人蔘,2122
湯壺,2121
当籤,2118
紛擾,2118
繼承,2117
滅々,2114
硼砂,2112
闕所,2112
鴨葱,2112
御伽衆,2109
煥乎,2107
眞言,2107
酒壺,2107
元鞘,2105
朋党,2104
金紗,2104
鋸屑,2104
兜巾,2103
捷径,2101
自撰,2100
駄法螺,2100
床框,2098
逆櫓,2096
兵粮,2094
末々,2092
木天蓼,2092
喀出,2091
詭道,2090
宮址,2090
蟾蜍,2089
勝栗,2085
弩級艦,2083
立涌,2083
蝶蝶,2082
皮紐,2082
蓮糸,2081
真鯖,2081
焦躁,2080
骨瘤,2080
蕃椒,2076
蛾眉,2075
訥弁,2075
鶸色,2075
莢豌豆,2074
鎚起,2073
旌旗,2070
憫笑,2067
警邏隊,2065
鴉片,2065
下學,2064
自惚,2064
櫓下,2063
魏使,2063
剽悍,2062
菱櫓,2061
脱疽,2060
名譽,2060
凡々,2058
赤褌,2058
野鯉,2055
南無阿弥陀佛,2055
白苔,2054
野袴,2053
顛覆,2052
腱炎,2052
棧橋,2051
蟹玉,2051
香蘇,2051
巫祝,2050
金襖,2049
波蝕,2048
傭人,2046
端倪,2046
皮蛋,2046
噺本,2045
國務,2044
笹酒,2042
一盞,2041
咒式,2040
掖済,2040
撩乱,2040
右腿,2040
淋漓,2039
大鯰,2039
辟支,2037
悶悶,2036
涜神,2036
豺狼,2035
避諱,2035
続櫓,2035
両々,2034
火箭,2034
烏羽玉,2033
涌泉,2032
狒狒,2032
馴鹿,2030
書蹟,2030
芽鱗,2030
梵名,2029
排痰,2029
真鰯,2028
總理,2027
瞑眩,2026
悍馬,2025
円礫,2025
天盃,2024
糟粕,2023
不揃,2023
堰止湖,2023
甘薯,2022
奸悪,2021
尖足,2021
瑞相,2020
箚記,2020
樺色,2019
扁形,2016
昼餐,2016
少弼,2016
糞土,2015
宝籤,2014
訓蒙,2013
情誼,2010
双臀,2007
画戟,2006
石槍,2004
神佑,2002
糊剤,2001
熔鉱炉,2000
臥所,2000
鱗形,1999
古樽,1998
状况,1998
贋作者,1998
應用,1997
鳩麦,1996
筒粥,1996
小壺,1995
逆鞘,1995
亀卜,1994
芋蔓,1992
鎮痙剤,1992
小蕪,1992
廻旋,1991
砂嚢,1991
惚気話,1991
剔抉,1989
屍蝋,1988
琴瑟,1988
高鼾,1988
余燼,1987
辻風,1987
切箔,1986
廻航,1986
瓜坊,1985
牽連,1984
沫雪,1983
紙雛,1982
吃逆,1980
牌楼,1979
野兎病,1979
靭皮,1979
盃事,1978
南鐐,1977
丸絎,1976
綜芸,1975
陋劣,1975
夷人,1974
愛憐,1973
煉丹,1973
瓜実顔,1972
奉曳,1972
髭黒,1972
吃音症,1971
安堵状,1971
時祷,1971
辟邪,1970
大狸,1969
發揮,1968
氣質,1967
蘊奥,1967
海石榴市,1966
夢寐,1965
良渚,1964
雀羅,1963
祇女,1963
女笠,1961
黒鍬,1960
貧乏籤,1959
鼠穴,1957
苑長,1955
装釘,1954
廻天,1952
伊佐木,1952
叛骨,1951
角凧,1951
早桶,1950
雑嚢,1950
孟母,1949
此土,1949
兇行,1948
上膊,1947
小綬鶏,1947
起臥,1947
鉤針,1947
宏遠,1945
老妓,1945
寥々,1943
硯材,1943
腎兪,1942
權威,1941
百合鴎,1940
芬々,1940
枡酒,1940
鶯餅,1938
處分,1937
竜翔,1937
只只,1936
仔山羊,1936
毛嚢,1936
呑口,1934
両棲,1933
紙紐,1933
羇旅,1932
土雛,1932
狐疑,1931
根瘤,1930
硅素,1930
腟炎,1930
臘月,1929
優婆夷,1926
匆々,1925
棧敷,1925
霞堤,1923
姫鱒,1922
条播,1922
疏通,1922
對話,1920
瓜実,1920
僻遠,1919
藁縄,1919
屹然,1918
涕泣,1917
焙炉,1917
牢固,1917
蒼氓,1916
浜荻,1915
瞞着,1915
精煉,1915
屑米,1914
悽愴,1913
楚人,1913
塩麹,1912
祕密,1911
鞘堂,1911
嘉例,1907
杜絶,1907
紐靴,1906
侃侃,1905
山牛蒡,1905
廻文,1903
美髯,1902
骨梁,1902
汲水,1900
仮綴,1899
焼栗,1897
貫祿,1896
矮化,1893
誅戮,1893
管鍼,1892
蓮歩,1892
秋茜,1892
値嵩,1891
予讃,1890
意慾,1889
黄蘗,1888
昇降舵,1888
青瓢箪,1887
奇蹄,1887
毛虱,1886
縫箔,1886
商売仇,1885
饑饉,1885
峻拒,1884
禁厭,1884
磯臭,1881
鞏固,1881
訶梨,1879
切痔,1878
杖先,1877
空樽,1877
咫尺,1876
小鰭,1876
略綬,1875
筋兜,1875
翠巒,1874
憂悶,1873
雁股,1871
青縞,1871
僻事,1869
醵金,1869
摩訶衍,1869
蕨手,1867
犬蓼,1865
白孔雀,1865
葛餡,1864
石蟹,1863
寧々家,1862
下臈,1860
聖譚曲,1859
鉈豆,1859
外蒙古,1859
鮨飯,1858
奸策,1857
俥夫,1856
混亂,1856
似而非,1855
八衢,1855
生薑,1854
痼疾,1854
紫綬,1854
茹蛸,1854
鴨猟,1854
咄家,1852
小櫛,1852
兇賊,1850
寺檀,1850
傅役,1849
廻送,1847
群雀,1847
荒寥,1847
膨疹,1846
刀杖,1846
僻見,1845
箒草,1845
野禽,1845
僉議,1842
管絃楽,1842
寓言,1841
巴旦杏,1841
雹害,1841
牝猫,1841
瓷器,1839
颯颯,1838
蹄葉,1838
梯形,1837
白鮭,1837
茅台,1836
鵬翼,1834
狼城,1831
一掬,1830
僻目,1828
恬然,1828
鼠蹊部,1828
孑孑,1827
獅噛,1827
紙鳶,1827
脹満,1827
講筵,1827
海鷲,1827
翔破,1826
茶匙,1826
國字,1826
肥桶,1826
倶会,1825
止咳,1825
蒟蒻芋,1825
竿袋,1824
下婢,1822
吾木香,1822
抜錨,1821
賤人,1821
縞鯵,1819
装鞍,1819
雀卵,1817
晩祷,1816
海獺,1816
見當,1816
嘔吐症,1815
梁上,1815
侵逼,1814
腹這,1814
佞臣,1813
梵唄,1813
溲瓶,1813
根笹,1813
尖形,1812
白鷲,1812
撞点,1811
玫瑰,1811
淳心,1811
蓼酢,1811
呪咀,1809
膣痙攣,1808
贋者,1807
面疔,1807
犬橇,1806
猿臂,1804
閻羅,1803
各篇,1803
嘉言,1802
婉然,1802
純粹,1799
仔熊,1798
屑篭,1798
木樵,1798
遷喬,1796
袴下,1796
樫材,1795
誕辰,1794
城邑,1794
芥子色,1794
誹風,1794
竿縁,1793
強撚,1791
葦辺,1790
某々,1789
酒甕,1789
暗々,1788
諷経,1788
檣楼,1787
黒鼠,1787
金雀枝,1787
扈従,1786
欣欣,1786
蹄葉炎,1785
喋喋,1784
炯炯,1784
生樽,1784
蜘蛛手,1783
尖鋭化,1783
摸写,1781
止瀉薬,1781
保姆,1780
斧鉞,1780
疵痕,1780
祝盃,1779
煽動者,1779
煉乳,1778
瞿麦,1778
組盃,1778
兇徒,1775
斯学,1775
紅鱒,1773
蕭蕭,1773
鞍点,1773
鷹飼,1773
類天疱瘡,1773
碧落,1772
狸汁,1772
髭男,1772
小舅,1771
楞伽,1770
正篇,1770
翩翻,1770
奇々,1769
楓葉,1769
花楓,1769
矮躯,1768
葛饅頭,1765
藝者,1765
険峻,1763
笹葉,1763
上蔟,1761
桿体,1761
雀躍,1761
馬盥,1761
有蹄,1761
腐爛,1760
艨艟,1760
野葡萄,1760
紡錘体,1759
外廓,1757
黍団子,1756
盃洗,1755
禿鷲,1753
其処彼処,1753
好々,1753
小鰯,1753
精撰,1753
散佚,1751
紙燭,1750
制癌,1749
寺址,1749
帰謬,1749
椀種,1749
秋鯖,1749
嫋嫋,1747
於血,1747
尻鰭,1747
町辻,1745
野槌,1745
歯齦,1744
醬油,1744
空濠,1744
脾腹,1742
叡覧,1741
諜者,1741
讖緯,1741
頽勢,1740
走錨,1740
綱曳,1739
代赭,1738
莫連,1738
竹箆,1738
下咽頭癌,1738
稚仔,1737
貝桶,1737
花魁草,1736
手薬煉,1736
口誦,1735
後楯,1735
青瓷,1735
劫初,1734
所爲,1734
匍匐茎,1733
葦簀,1733
廃頽,1732
担癌,1732
雀色,1732
無慚,1730
掻取,1729
製銑,1729
絞扼,1728
嚶鳴,1726
駢儷,1726
黒鮑,1726
翅脈,1725
饗膳,1725
戸襖,1725
甜面醤,1725
邪慳,1724
服紗,1724
温罨法,1724
膿腫,1724
迂路,1723
薏苡,1722
銓衡,1722
堅磐,1721
麝香猫,1721
赤菱,1721
漕船,1720
厭魅,1720
僅々,1719
天瓜粉,1717
乳呑,1716
歷史,1716
咬耗,1715
手蹟,1714
彝族,1714
贖宥,1713
妓夫,1712
瑞雪,1712
略々,1712
仇役,1711
命釘,1711
喬林,1710
傴僂,1709
砥草,1709
交喙,1708
古狐,1704
豫算,1703
横罫,1703
戰時,1702
虎豹,1702
日傭,1701
金碗,1701
雑纂,1699
黄櫨,1699
髀肉,1698
誅滅,1696
南溟,1696
冷罨法,1695
大旱,1695
甲胄,1695
戦捷,1694
簡牘,1694
相對,1694
濡羽,1693
御陀仏,1693
羊羮,1693
正當,1692
分娩費,1691
筥迫,1690
謬説,1690
頸損,1690
原註,1689
救癩,1689
陵駕,1689
考證,1689
立喰,1687
巨礫,1686
奉讃,1686
辛々,1686
糸蒟蒻,1685
前々職,1685
掻破,1683
舵機,1683
屁糞,1683
小糠,1682
荻外,1682
允可,1680
呑助,1680
点綴,1680
豹紋,1680
從事,1678
丑三,1677
鉄槍,1677
寅卯,1675
鷲座,1674
萬民,1673
檜物,1672
汐汲,1672
車駕,1672
袋綴,1671
台衿,1670
製罐,1670
岩燕,1669
呱々,1668
鮑魚,1668
無數,1668
細棹,1668
警蹕,1667
趺坐,1667
刎頸,1666
悧巧,1666
狡智,1666
碇石,1666
鍼管,1665
粟麩,1665
疣痔,1663
竿石,1663
溢流性,1662
圖會,1660
塗沫,1659
田堵,1659
焼麩,1658
胸裡,1657
伊仏,1657
毛脛,1656
鍾乳,1656
恪勤,1653
火蜥蜴,1652
頽落,1651
艾葉,1651
子兎,1649
木鼠,1648
焼石膏,1647
篦棒,1647
牢役人,1646
政權,1646
下腿骨,1645
巡廻,1644
倶生,1641
絃楽器,1641
子嚢,1641
貧賤,1641
除塵機,1640
獰悪,1639
粕毛,1639
瓢鮎,1639
關白,1638
笹色,1637
飜譯,1636
水嚢,1635
畳鰯,1635
丸紐,1635
早駕籠,1635
諒闇,1634
台秤,1633
薙鎌,1633
蒸溜酒,1632
民撰,1631
駿豆,1630
手蔓,1629
紅葉葵,1629
臨牀,1629
老躯,1627
兎小屋,1627
蠕虫,1626
竹釘,1626
嬌態,1625
眸子,1625
篆隷,1625
上疏,1625
粟玉,1625
孀婦岩,1623
操舵輪,1623
比咩,1623
白橿,1622
陽爻,1622
蒼古,1620
麒麟草,1620
有鱗,1619
儀仗兵,1618
独楽鼠,1617
玉箒,1617
阿毘,1615
引廻,1614
対聯,1614
産仔,1614
檳榔樹,1612
螺旋形,1612
山颪,1611
帷幕,1611
松蝉,1610
楚楚,1609
漿果,1609
薩長土,1609
陰爻,1609
臺屋,1608
桐塑,1608
謚号,1607
毘婆沙,1607
揉捏,1606
錐面,1606
化學,1606
規矩術,1605
粉黛,1604
詩嚢,1604
巍巍,1603
深緋,1603
祗候,1602
狗尾草,1601
蜿蜒,1601
癜風,1601
万斛,1600
竹杖,1598
狐狗狸,1598
九仞,1597
嶮岨,1597
悚然,1597
男袴,1597
錐状,1597
先蹤,1596
手紬,1596
盲聾,1596
箒木,1596
補瀉,1596
青釉,1596
大姑,1595
牢死,1593
熾盛,1593
杏色,1592
味噌豆,1591
掛衿,1591
火腿,1591
已後,1590
必竟,1590
旱天,1590
泥々,1590
元兇,1589
老婢,1589
屑物,1588
菲薄,1588
的鯛,1588
刺叉,1587
干鱈,1587
癇癖,1587
本卦,1586
神祇伯,1586
嫩葉,1585
這般,1584
繁々,1584
蟻害,1584
金鋸,1584
擯斥,1582
謫居,1582
卜筮,1581
對立,1581
綜覧,1581
輿望,1580
莫大小,1579
姫苺,1578
亭々,1577
星兜,1576
欝蒼,1576
薬壺,1576
釈奠,1576
大旆,1574
復辟,1574
美妓,1574
卑賎,1573
尽瘁,1573
香奠,1573
前弯,1573
怱々,1572
驍将,1572
廢止,1570
左褄,1569
蜀黍,1569
圭角,1568
蘭館,1567
舵取,1566
綾羅,1565
長嘯,1565
宝蓮,1565
陸閘,1565
霊狐,1565
簀巻,1564
雁来紅,1564
小蝿,1564
囃子詞,1563
顎紐,1563
名碗,1561
小壷,1561
擱筆,1560
蛸壷,1558
煽動的,1558
青巌,1558
輓近,1557
森々,1556
赤蟻,1555
幽棲,1554
嬉遊,1554
選擧,1554
千仞,1553
仄々,1553
雀卵斑,1553
萼筒,1552
伏臥位,1551
占卜,1551
止瀉,1551
邏卒,1550
吸啜,1549
斬奸状,1549
庭苑,1549
子蔓,1548
船々,1548
通訊,1548
乳粥,1547
有鄰,1547
下紐,1546
刳舟,1545
蕃地,1545
石龕,1545
懴悔,1544
三昧耶,1544
笹蒲鉾,1544
春鶯,1543
水葵,1543
狼籍,1543
胡地,1542
一毫,1541
椀子,1541
鱗翅類,1540
木釘,1540
狼女,1540
瓢鮎図,1540
新脩,1539
鉦叩,1538
燗番,1537
穿孔機,1537
孟蘭盆,1537
白栲,1536
沈淪,1534
蕁麻,1533
鎌槍,1533
允許,1531
伽藍堂,1531
隨筆,1530
小楢,1529
愛慾,1528
私娼窟,1528
塵労,1527
目睫,1526
萵苣,1526
欣喜,1524
朮附,1524
蘭麝,1523
飄飄,1523
墓壙,1523
狀態,1522
痛哭,1522
苜蓿,1522
徘徊者,1522
棄捐,1519
辺疆,1518
雨雫,1518
翰墨,1517
藁塚,1517
兵燹,1514
自棄糞,1514
生辰,1512
磯根,1512
凛乎,1511
落鮎,1511
焙乾,1509
巍々,1508
斧頭,1508
俗諺,1507
壺焼,1507
榊葉,1507
毬杖,1507
栗御飯,1506
寂々,1505
酢蛸,1505
葡萄糖,1504
烏金,1502
終熄,1502
胞胚,1502
古釘,1502
虎鶫,1501
意圖,1500
連瀑,1499
塵塚,1498
蛇蠍,1498
繧繝,1497
饂飩粉,1497
燈下,1496
狐神,1496
嘉辰,1494
官撰,1494
琳琅,1493
薮柑子,1493
溜水,1493
燻銀,1492
鮪丼,1492
樫鳥,1490
渙発,1486
淋疾,1484
首桶,1483
莪朮,1482
占筮,1481
広闊,1481
筆誅,1481
水蜘蛛,1480
廟議,1479
潺湲,1479
盈虚,1479
蒲鉾形,1478
絵絣,1478
葡萄茶,1477
王笏,1477
野鳩,1477
孔雀草,1476
棕梠,1474
糞臭,1474
糠層,1474
葦舟,1474
蓮茶,1474
黒椿,1474
鴻臚,1470
淪落,1469
白蓮教,1469
蟹汁,1467
侠骨,1466
椎柴,1465
揚錨,1465
自國,1464
小智,1463
頑癬,1463
鷁首,1463
目蒲,1463
絲綢,1462
鞭虫,1462
燧石,1461
補註,1460
洛書,1460
絨毛癌,1460
蝋纈,1459
噂真,1458
膣剤,1458
普陀落,1457
神輿洗,1457
識閾,1456
蟠竜,1456
冪乗,1455
多智,1455
肛門期,1455
恙虫,1454
癌死,1454
矛槍,1454
竈神,1454
城廓,1453
輻湊,1453
小烏,1453
米栂,1453
帷幄,1452
天譴,1451
雀鮨,1450
孜々,1449
兜鉢,1448
夕霞,1447
毛嚢炎,1447
海苔味,1447
紙縒,1446
青簾,1446
狼娘,1445
殷盛,1444
畫家,1444
膃肭臍,1444
鰭脚,1444
挽茶,1443
木兎,1443
肺膿瘍,1442
平笠,1441
梁木,1441
取舵,1440
蔓薔薇,1440
陶俑,1440
吊手,1439
旅篭屋,1439
糞蝿,1439
半腱,1439
甚麼,1436
鯣烏賊,1436
奸佞,1435
庖厨,1435
澆季,1434
繻珍,1434
売卜,1433
曝涼,1433
苗裔,1433
白襷,1433
訓詁学,1433
豆鯵,1433
笠付,1432
粗餐,1432
食屍,1431
庚申待,1430
陶邑,1430
飼葉桶,1430
孤雁,1429
宋音,1429
手毬花,1429
巴形,1429
曠劫,1426
嘘言,1426
山菱,1426
津梁,1425
雰圍氣,1425
鴨子,1425
一臂,1424
裲襠,1424
円坐,1422
宝鑰,1422
稲雀,1422
商賈,1421
衰頽,1421
内篇,1421
繋縛,1420
蝦蟇口,1420
子鳩,1420
霞草,1420
鑵子,1418
瑞霊,1418
蝋管,1418
怏々,1417
脾肉,1417
衆智,1417
阿衡,1417
冒瀆,1416
枡組,1416
柴栗,1415
塩壺,1415
御萩,1415
嚢状,1413
火熨斗,1413
京繍,1412
撤饌,1410
朱鞘,1409
草廬,1409
啐啄,1408
旧址,1408
膿疱性,1408
吊床,1407
冒險,1406
大篆,1406
雌豹,1406
雄勁,1405
弩弓,1405
兵戈,1404
白杭,1404
一揖,1403
禁裡,1403
簾中,1403
諫暁,1403
宸襟,1402
灸治,1402
轆轤首,1402
金釘流,1402
棊子麺,1401
糞力,1401
齲歯,1401
昊天,1401
膵臓炎,1401
花麩,1401
帰雁,1400
碇草,1400
中蛸,1400
在々,1400
首鼠,1399
醇化,1398
薬罐,1398
屠牛,1397
摺本,1397
蒲葵,1397
詩偈,1397
豎子,1396
大山椒魚,1396
豪宕,1395
牛蒡子,1395
鉾流,1395
黒縞,1394
燈呂,1393
葆光,1393
金釘,1393
帛書,1392
弛張,1392
澪筋,1392
竹蜻蛉,1391
餘計,1391
紋帖,1390
青黴,1390
鳩羽色,1389
薩土,1388
香盒,1388
御蔭祭,1388
八目鰻,1387
合綴,1387
水蛸,1387
犬鷲,1387
胡服,1387
蟇口,1387
白鑞,1386
頬髭,1386
驥尾,1386
倭京,1386
物々,1386
姫女苑,1386
狐森,1385
懸樋,1385
鮟肝,1385
蠣殻,1383
葉蔭,1383
竣成,1381
歌聲,1381
茶屋辻,1381
隋末,1381
鈔本,1379
洋杖,1379
喃喃,1378
類纂,1378
摺足,1377
跪拝,1377
唸声,1377
陰欝,1376
反閇,1375
孟夏,1373
唐芥子,1372
毫末,1371
渺々,1371
天瑞,1371
扁舟,1370
華菱,1370
褞袍,1369
塵取,1368
毛氈苔,1368
珪長,1368
合挽,1368
寒鯉,1368
岩漿,1367
霞目,1367
馬糞紙,1367
鰓弓,1367
稔実,1366
枯蓮,1365
冬苺,1365
焚物,1364
蒟醤,1364
黒鳩,1364
欽差,1363
手銛,1362
薮医者,1361
帰謬法,1359
糠雨,1359
紫焔,1359
調絃,1359
撰上,1358
朝鮮飴,1358
單位,1357
沛然,1357
革砥,1357
仏龕,1357
沈々,1356
罫書,1356
鉤型,1356
銀牌,1356
盡力,1355
印僑,1355
滴々,1352
蛸飯,1351
好誼,1350
仮紐,1350
遥遥,1349
龍高,1349
抛物線,1348
堆厩肥,1348
唐綾,1347
蹇蹇,1347
癈人,1346
虫喰,1346
蝗害,1346
銀餡,1346
卑狗,1345
銀燭,1345
苔色,1345
惘然,1344
昔馴染,1344
暢達,1344
月暈,1344
臥煙,1343
蛸配当,1341
達陀,1341
五十雀,1340
蜀錦,1339
雪笹,1339
肋木,1338
打紐,1337
鳥黐,1337
企劃,1336
佩剣,1336
詫状,1336
胡琴,1336
平椀,1335
鍾愛,1335
吻端,1334
合槌,1333
報國,1333
流暢性,1333
佯狂,1332
姦婦,1332
蛭巻,1332
龍舟,1332
報賽,1331
媒妁,1331
屍山,1331
柏子,1330
連坐,1330
牡猫,1330
牡蠣飯,1330
銅鏃,1330
青豌豆,1329
松杭,1329
悄気,1328
手焙,1328
螢袋,1328
蒼鷹,1328
祈禱,1327
佑助,1326
烏貝,1326
樺桜,1326
頸飾,1325
中棹,1324
伊雅,1324
爛爛,1323
筵旗,1323
錚錚,1323
水盃,1323
滑翔,1321
霊牌,1321
懸吊,1320
鐙屋,1320
鞄店,1320
狐顔,1319
粗挽,1319
此方側,1318
燈芯,1315
皓歯,1315
截断,1314
糠袋,1312
謬論,1312
釉色,1312
櫛巻,1311
刺咬,1311
鶉卵,1311
曝書,1310
田麩,1309
内熨斗,1309
卦辞,1309
鴨頭,1309
攝政,1308
渾天,1308
忠實,1308
苔清水,1307
鎖肛,1307
梁下,1306
縞物,1305
外熨斗,1305
鴻恩,1304
大椀,1304
微禄,1304
蝙蝠男,1304
全燐,1299
夕靄,1299
委托,1299
白梟,1299
地蜘蛛,1298
櫛比,1298
補綴科,1298
廻心,1297
言々,1297
尨大,1297
校註,1297
直掩,1297
船艙,1296
欣々,1295
上框,1295
杆体,1294
毛繻子,1294
椀盛,1294
晦冥,1293
侘茶,1293
肉壺,1292
淳朴,1291
椀飯,1291
藍甕,1291
黒蓮,1291
萎靡,1290
墓廟,1290
有卦,1289
泡々,1289
轡虫,1287
狗牙,1286
雪狼,1286
世智,1285
翌桧,1285
親炙,1285
黄瓜,1285
朦々,1284
無缺,1284
移徙,1284
荊妻,1284
閾下,1283
戊己,1283
小鬢,1282
鞘巻,1282
虎賁,1282
初茸,1281
淋巴腺,1281
溌墨,1281
酒糟,1281
隠栖,1281
哭泣,1280
牴触,1280
卜定,1279
參議,1277
饑餓,1277
麺喰,1277
干鯛,1276
花蕊,1276
一帶,1275
積翠,1274
蕩児,1273
坐高,1272
独坐,1272
碾臼,1272
手漉,1271
茅台酒,1271
緊褌,1269
隼人瓜,1268
沮喪,1267
煖房,1267
詩鈔,1267
意嚮,1266
金々,1266
区劃,1265
元冦,1265
微塵子,1264
白膠木,1264
碩徳,1263
層々,1263
残侠,1263
雛妓,1263
蛸坊主,1261
赭土,1261
躬行,1261
事變,1261
恢弘,1260
喃々,1259
脚註,1259
各帖,1259
姫萩,1259
卜者,1258
糠油,1258
檀尻,1258
初酉,1257
疫癘,1257
火焚,1256
檢査,1255
四夷,1255
水楢,1255
跨線,1255
素槍,1254
宝祚,1253
繽紛,1253
大凪,1253
万々一,1252
半截,1252
渺渺,1252
凜々,1252
瘻管,1251
會計,1250
鴻儒,1250
尿管癌,1250
脛節,1249
岨道,1248
滄溟,1248
冷々,1248
交詢,1247
姥百合,1247
孤閨,1246
出蕾,1245
樹蔭,1245
白襖,1245
蓮座,1245
姦臣,1244
安坐,1244
寂莫,1244
愛嬌者,1244
囹圄,1243
炎々,1243
衍義,1243
骨々,1243
尖底,1242
袴地,1242
穂芒,1241
慶庵,1240
龍船,1239
眈々,1237
嗟嘆,1236
滅多矢鱈,1236
篇目,1236
浮屠,1235
海狼,1235
殷鑑,1234
風蝕,1234
鱗片葉,1234
木叢,1233
豫備,1233
車蝦,1232
偲草,1231
蜂窩,1231
濛濛,1230
針槐,1230
棘筋,1230
操觚,1229
竿秤,1229
大牢,1228
羸痩,1228
戦槌,1228
珪長質,1228
手鋸,1227
冥々,1226
禄存,1226
柴朴,1225
水瓜,1225
肉饅,1225
稟性,1224
濡手,1223
友朋,1223
會舘,1222
豊琳,1222
昏冥,1221
梟帥,1221
糸蜻蛉,1221
卍巴,1220
蕃族,1220
蒲柳,1219
廓然,1219
真薯,1219
鋤鍬,1219
寸々,1218
何処其処,1218
嚴重,1217
壬癸,1217
料峭,1217
魚翅,1217
粗砥,1216
驀地,1216
體系,1216
薔薇水,1216
軽羹,1216
腟部,1215
黄釉,1215
剪刀,1213
瓦斯灯,1213
鉢叩,1213
震駭,1213
挺対協,1212
硏究,1210
國文,1210
浅緋,1210
兇状,1209
峻嶺,1209
粗々,1209
黒祠,1209
剣侠,1208
禽舎,1207
筍医者,1207
輔翼,1207
水簾,1207
歔欷,1206
内踝,1206
石錘,1206
一廓,1205
虫螻,1204
白縞,1204
流燈,1203
藹藹,1202
才槌,1201
高峻,1201
巫蠱,1200
座臥,1200
磔柱,1200
黄金柑,1200
稜角,1199
羈絆,1199
辻強盗,1199
異樣,1199
自刎,1198
頸木,1198
倨傲,1197
遁辞,1197
驍勇,1197
爾余,1196
輔国,1196
卒爾,1195
教誡,1195
秋毫,1195
保險,1195
挂甲,1194
繋船,1194
年齡,1194
物蔭,1194
蘆刈,1194
輦台,1193
醇乎,1193
子狼,1193
翰林院,1192
塵屑,1192
古址,1191
淫佚,1191
急湍,1190
菅垣,1190
馬銜,1190
塵袋,1190
餅搗,1190
素馨,1189
夥多,1188
硅石,1188
霊智,1188
入蜀,1187
西櫓,1187
鰻店,1187
今茲,1186
絽織,1185
内痔,1185
煮蛤,1185
鵬程,1184
肺化膿症,1184
灸点,1183
忿懣,1182
驕傲,1182
子燕,1181
摺箔,1181
苺柄,1181
鬼胡桃,1181
夕蝉,1179
瘡毒,1179
稚仔魚,1179
仔鳩,1178
煤色,1176
骨骼,1176
西廂,1176
長汀,1175
牡犬,1175
鬼姑,1175
儼然,1174
欣幸,1174
焚刑,1174
画舫,1174
蔭口,1174
溪流,1173
細螺,1173
秦末,1173
坐臥,1172
匡正,1171
奸商,1171
枡目,1171
瓊玉,1171
鰐鮫,1171
鹵簿,1171
松翠,1171
毬花,1171
上窩,1170
剔出,1169
夙夜,1169
姦夫,1169
竟宴,1168
蜿蜿,1168
春楡,1168
禿筆,1167
真子鰈,1167
禿髪,1167
嬶天下,1166
黒鴨,1166
晏如,1165
一簣,1165
後弯,1165
溌刺,1164
綾地,1164
手鞠花,1163
箆棒,1163
砒酸,1162
匆匆,1161
桶樽,1161
舷梯,1160
搜索,1159
芝蝦,1159
輔導,1159
花櫛,1159
便々,1158
咬創,1158
留錫,1157
菊桐,1156
補弼,1155
遥遠,1155
巫者,1155
廠舎,1153
折帖,1153
波兎,1153
隕星,1152
犬戎,1152
眉庇,1151
垂簾,1150
黄蜀葵,1149
幅杭,1149
槍鉋,1149
捩摺,1148
枕屏風,1148
銚釐,1148
大鰻,1148
庚辛,1148
忌辰,1147
搜査,1147
穿破,1147
小獅子,1147
僻陬,1146
堰提,1146
茶毒蛾,1146
障屏,1146
全豹,1145
肋材,1145
角閃岩,1145
旧套,1144
伊呂波歌,1143
狐拳,1143
浮塵子,1142
高誼,1142
大楯,1142
牡蠣貝,1142
騙取,1142
粮米,1141
衒気,1141
汗衫,1141
復誦,1140
聯珠,1140
縞猫,1140
寶貝,1139
撰銭,1139
直腸瘤,1139
漂蕩,1138
繁榮,1138
鰹船,1138
毒龍,1137
吊棚,1136
鳴鏑,1136
末梢的,1136
鹹湖,1135
朦朧体,1135
諺解,1135
縞蛇,1134
平櫓,1134
酢牡蠣,1134
銅壺,1134
元嘉暦,1134
別盃,1133
孟冬,1132
莎草,1132
膣道,1132
衿肩,1132
阿檀,1132
鱧鍋,1132
牢記,1131
点播,1131
生餡,1131
燒結,1130
腑分,1130
紅萌,1130
疵物,1129
醵出,1129
治部卿,1129
腱索,1129
嘖々,1128
褄先,1128
光苔,1128
茅萱,1128
雨笠,1127
四臂,1127
大蟻,1126
蕩蕩,1125
鷲鷹,1125
楯状火山,1125
鎧板,1124
星芒,1124
乾盃,1123
囮鮎,1123
顫動,1122
歌舞妓,1122
雫型,1122
沐猴,1121
紙幟,1121
胡頽子,1121
枝梢,1121
有蹄類,1121
側杖,1120
棹秤,1120
鰭脚類,1119
外舅,1118
岩躑躅,1118
礬水,1118
仏蹟,1118
棒縞,1117
赤燐,1117
斂葬,1116
貪慾,1116
叢中,1116
天嶮,1116
森蔭,1116
醤油粕,1116
雌蘂,1116
飛雁,1116
烏滸,1115
海軍卿,1115
熊蝉,1114
開豁,1113
蘇合,1113
皓皓,1112
膵石,1112
驚歎,1112
中鋒,1112
心嚢,1112
溝萩,1111
煙霞,1111
桂材,1111
一眸,1110
壁蝨,1110
藁沓,1110
雪冤,1109
牽強,1108
稲叢,1108
橋袂,1107
気欝,1107
琉球犬,1106
膠原病科,1106
溢血,1105
係蹄,1105
焔硝,1105
寵妾,1104
鋼鐵,1104
姥石,1103
炭竈,1103
蕃殖,1103
佃戸,1101
兎唇,1100
巍然,1100
戌辰,1100
蘭科,1099
雉鳩,1098
蕨粉,1098
弁駁,1097
湘軍,1097
蒸泄,1097
翠柳,1096
濾別,1095
凄愴,1095
咬合性,1095
飴煮,1095
翠緑玉,1094
濾過量,1094
三毬杖,1093
珪岩,1092
榾木,1092
儒艮,1091
軟酥,1091
鱗板,1091
猊座,1090
讚美,1089
蹶然,1088
藁床,1088
坐浴,1086
讚歌,1086
鳳声,1086
欝憤,1085
移轉,1085
御撰,1084
無疵,1084
雑徭,1084
姦悪,1082
長薯,1082
佛陀,1082
夷守,1082
海狸,1081
肉慾,1081
蘇木,1081
摸本,1080
尾骶骨,1080
偕行,1079
千鈞,1079
篆字,1079
廻漕,1078
秘鑰,1078
郁郁,1078
芳蘭,1078
孟春,1077
穴痔,1077
粗笨,1076
轍鮒,1076
鞘管,1076
櫂船,1075
鵞毛,1074
鞭声,1074
倭絵,1073
薙髪,1073
蟠踞,1072
金屑,1072
宋本,1072
茸狩,1071
覆轍,1071
黒袴,1071
点灸,1071
杣木,1070
芙蓉峰,1070
主權,1070
寒葵,1070
庵住,1069
脾摘,1069
熱燻,1069
苧殻,1069
篆額,1068
花韮,1068
草藪,1068
唖者,1067
粥麺,1067
嬌笑,1066
鄙歌,1066
銀盃,1066
優渥,1065
膏血,1065
牡蠣油,1065
悄々,1064
斯樣,1063
恟々,1062
掃溜,1062
讚美歌,1062
鈷鈴,1062
吉辰,1061
捧腹,1061
蜘蛛膜,1061
防遏,1061
内頸,1061
狡賢,1061
馳駆,1060
鼠咬症,1060
女伊達,1060
鴨跖草,1058
岩蔭,1058
薔薇窓,1058
特々,1057
青蛾,1057
濛気,1056
藁工品,1056
麗々,1056
些々,1055
鋩子,1055
笹飴,1055
聯句,1054
茅蜩,1054
兇弾,1053
不當,1053
蒼枯,1052
托生,1051
溢出,1051
牝牡,1051
勿怪,1050
謾稿,1050
裏衿,1049
缺乏,1047
信條,1047
寵遇,1046
白珊瑚,1046
雑俎,1045
鬼蓮,1045
藁屑,1044
楫枕,1043
顆部,1043
捩子,1042
入輿,1042
敦厚,1042
桂女,1042
的盧,1042
悲慘,1041
銭葵,1041
焚上,1039
大鼠,1039
蛤刃,1039
嘉肴,1038
竹樋,1038
莢隠元,1037
臥待,1037
放肆,1036
盤踞,1036
羈旅,1036
仰韶,1036
牆壁,1035
猿曳,1035
貽貝,1035
煽動家,1035
緋衣,1035
夜烏,1034
錆竹,1033
亢竜,1032
兇刃,1032
春聯,1032
率爾,1031
鼾声,1031
消燈,1031
橈尺,1029
芸苑,1029
晒粉,1028
縞織,1028
試煉,1028
花一匁,1028
亂暴,1027
卑陋,1027
叉木,1027
含嗽剤,1027
藪蘭,1027
索莫,1026
夕汐,1025
眷顧,1024
柿釉,1024
糊粉,1023
野牡丹,1023
膠液,1022
石榴口,1021
金鋏,1020
無禄,1020
禅苑,1020
手疵,1019
駁論,1019
早苗饗,1019
肛門痛,1019
古祠,1018
豪毅,1018
嗤笑,1016
御雛様,1016
冲天,1013
叛軍,1013
棘皮,1013
撫肩,1012
鉤鼻,1012
南鮪,1012
海茸,1012
鼠男,1012
禁闕,1011
電纜,1011
山躑躅,1011
川蜻蛉,1011
荏胡麻油,1010
鞘翅,1010
曳索,1009
病躯,1009
坤輿,1009
側妾,1008
狐族,1008
妖婉,1007
殷々,1007
花兎,1005
按腹,1004
楊心,1004
紅綬,1004
槓杆,1003
石蓴,1003
密々,1003
頭腦,1003
前躯,1002
蘇悉地,1002
深潭,1001
行嚢,1001
訥言,1001
風蝶,1001
溫泉,1000
負擔,1000
盧舎那,1000